service,id,title,type,year,genre_names,user_rating,critic_score,imdb_id,tmdb_id,us_rating
Netflix,11123837,Desire,movie,2026,,,,tt41617470,1668364,
Netflix,368467,Law & Order,tv_series,1990,,,,tt0098844,549,
Netflix,348921,Grey's Anatomy,tv_series,2005,,,,tt0413573,1416,
Netflix,383007,NCIS,tv_series,2003,,,,tt0364845,4614,
Netflix,378874,Miraculous: Tales of Ladybug & Cat Noir,tv_series,2015,,,,tt2580046,65334,
Netflix,3274038,Agent Kim Reactivated,tv_miniseries,2026,,,,tt42127457,296206,
Netflix,3112487,Stranger Things,tv_series,2016,,,,tt4574334,66732,
Netflix,3249974,The East Palace,tv_miniseries,2026,,,,tt35051401,279323,
Netflix,3141517,Raw,tv_series,1993,,,,tt0185103,4656,
Netflix,3119635,The Blacklist,tv_series,2013,,,,tt2741602,46952,
Netflix,3170258,Avatar: The Last Airbender,tv_series,2024,,,,tt9018736,82452,
Netflix,3106167,Shameless,tv_series,2011,,,,tt1586680,34307,
Netflix,3173903,Breaking Bad,tv_series,2008,,,,tt0903747,1396,
Netflix,3124926,The Last Ship,tv_series,2014,,,,tt2402207,60802,
Netflix,351006,Hawaii Five-0,tv_series,2010,,,,tt1600194,32798,
Netflix,3102305,S.W.A.T.,tv_series,2017,,,,tt6111130,71790,
Netflix,3140350,Vikings,tv_series,2013,,,,tt2306299,44217,
Netflix,3306754,The Polygamist,tv_series,2026,,,,tt42543947,322430,
Netflix,390275,PAW Patrol,tv_series,2013,,,,tt3121722,57532,
Netflix,3241552,Teach You a Lesson,tv_miniseries,2026,,,,tt34809853,276161,
Netflix,3122387,The Flash,tv_series,2014,,,,tt3107288,60735,
Netflix,373015,Lucifer,tv_series,2016,,,,tt4052886,63174,
Netflix,3130921,The Walking Dead,tv_series,2010,,,,tt1520211,1402,
Netflix,3105641,Sesame Street,tv_series,1969,,,,tt0063951,502,
Netflix,1842343,Apex,movie,2026,,,,tt16431404,1318447,
Netflix,392149,Peppa Pig,tv_series,2004,,,,tt0426769,12225,
Netflix,3165932,Pokémon,tv_series,1997,,,,tt0168366,60572,
Netflix,3113358,Suits,tv_series,2011,,,,tt1632701,37680,
Netflix,3170425,JUJUTSU KAISEN,tv_series,2020,,,,tt12343534,95479,
Netflix,1901214,Swapped,movie,2026,,,,tt29552248,1007757,
Netflix,353805,Homeland,tv_series,2011,,,,tt1796960,1407,
Netflix,11115921,23 000 Lives,movie,2026,,,,tt41983440,1656220,
Netflix,1972561,Raakaasa,movie,2026,,,,tt36451817,1451078,
Netflix,3231019,Ranma ½,tv_series,2024,,,,tt32766897,259140,
Netflix,3246271,I Will Find You,tv_miniseries,2026,,,,tt34771210,278178,
Netflix,3117041,Teen Titans Go!,tv_series,2013,,,,tt2771780,45140,
Netflix,3111534,Stargate SG-1,tv_series,1997,,,,tt0118480,4629,
Netflix,3164761,C.I.D.,tv_series,1998,,,,tt0401916,15226,
Netflix,3292283,Chainsmoker Cat,tv_series,2026,,,,tt39551330,312949,
Netflix,391835,Peaky Blinders,tv_series,2013,,,,tt2442560,60574,
Netflix,3105187,Seinfeld,tv_series,1989,,,,tt0098904,1400,
Netflix,3153842,The Witcher,tv_series,2019,,,,tt5180504,71912,
Netflix,313542,Better Call Saul,tv_series,2015,,,,tt3032476,60059,
Netflix,385429,Ninjago,tv_series,2011,,,,tt1871731,38693,
Netflix,1931997,Little Brother,movie,2026,,,,tt34888871,1397385,
Netflix,1996547,Heartstopper Forever,movie,2026,,,,tt36619926,1468683,
Netflix,317350,Brooklyn Nine-Nine,tv_series,2013,,,,tt2467372,48891,
Netflix,383672,Naruto,tv_series,2002,,,,tt0409591,46260,
Netflix,355269,Hunter x Hunter,tv_series,2011,,,,tt2098220,46298,
Netflix,3195245,Frieren: Beyond Journey's End,tv_series,2023,,,,tt22248376,209867,
Netflix,3195753,Pokémon Horizons,tv_series,2023,,,,tt26692417,220150,
Netflix,390013,Outlander,tv_series,2014,,,,tt3006802,56570,
Netflix,3110268,Spartacus,tv_series,2010,,,,tt1442449,46296,
Netflix,3146819,Young Sheldon,tv_series,2017,,,,tt6226232,71728,
Netflix,348243,Gossip Girl,tv_series,2007,,,,tt0397442,1395,
Netflix,3183123,Spy x Family,tv_series,2022,,,,tt13706018,120089,
Netflix,3226406,The Hawk,tv_series,2026,,,,tt27550719,254528,
Netflix,3131149,The West Wing,tv_series,1999,,,,tt0200276,688,
Netflix,3114004,Supergirl,tv_series,2015,,,,tt4016454,62688,
Netflix,3120630,The Closer,tv_series,2005,,,,tt0458253,1450,
Netflix,314872,Black Mirror,tv_series,2011,,,,tt2085059,42009,
Netflix,1898345,Peddi,movie,2026,,,,tt23865918,1057265,
Netflix,3123119,The Graham Norton Show,tv_series,2007,,,,tt0924651,1220,
Netflix,3117048,Teen Wolf,tv_series,2011,,,,tt1567432,34524,
Netflix,3181750,The Night Agent,tv_series,2023,,,,tt13918776,129552,
Netflix,3164600,Squid Game,tv_series,2021,,,,tt10919420,93405,
Netflix,3175783,Elite,tv_series,2018,,,,tt7134908,76669,
Netflix,3125426,The Loud House,tv_series,2015,,,,tt4859164,68073,
Netflix,1805677,War Machine,movie,2026,,,,tt15940132,1265609,
Netflix,3100509,Riverdale,tv_series,2017,,,,tt5420376,69050,
Netflix,3190336,Weak Hero Class 1,tv_series,2022,,,,tt20234568,200709,
Netflix,3194254,LEGO Ninjago: Dragons Rising,tv_series,2023,,,,tt27502465,212989,
Netflix,1784103,Jurassic World: Rebirth,movie,2025,,,,tt31036941,1234821,
Netflix,360647,JoJo's Bizarre Adventure,tv_series,2012,,,,tt2359704,45790,
Netflix,1618743,After We Fell,movie,2021,,,,tt13069986,744275,
Netflix,3194672,The Apothecary Diaries,tv_series,2023,,,,tt26743760,220542,
Netflix,3146538,You,tv_series,2018,,,,tt7335184,78191,
Netflix,3182718,Wednesday,tv_series,2022,,,,tt13443470,119051,
Netflix,3171239,Bridgerton,tv_series,2020,,,,tt8740790,91239,
Netflix,352027,Heroes,tv_series,2006,,,,tt0813715,1639,
Netflix,1583724,Voicemails for Isabelle,movie,2026,,,,tt10375624,614945,
Netflix,3105822,Sex Education,tv_series,2019,,,,tt7767422,81356,
Netflix,3121034,The Crown,tv_series,2016,,,,tt4786824,65494,
Netflix,1893263,KPop Demon Hunters,movie,2025,,,,tt14205554,803796,
Netflix,3277319,Spooky in Love,tv_series,2026,,,,tt40247521,298610,
Netflix,1827938,GOAT,movie,2026,,,,tt27613895,1297842,
Netflix,3124893,The Last Kingdom,tv_series,2015,,,,tt4179452,63333,
Netflix,388694,One Piece,tv_series,1999,,,,tt0388629,37854,
Netflix,37764,Animal Kingdom,tv_series,2016,,,,tt5574490,66025,
Netflix,3189200,Burn the House Down,tv_miniseries,2023,,,,tt21327000,210268,
Netflix,3264773,Summer of 36,tv_series,2026,,,,tt38776795,287976,
Netflix,1996624,Ikka,movie,2026,,,,tt39632269,1484913,
Netflix,330747,Detective Conan,tv_series,1996,,,,tt0131179,30983,
Netflix,3100529,Rizzoli & Isles,tv_series,2010,,,,tt1551632,32895,
Netflix,3162779,Put Your Head on My Shoulder,tv_series,2019,,,,tt10265158,88548,
Netflix,3197140,Bloodhounds,tv_series,2023,,,,tt26315487,127529,
Netflix,3117070,Teenage Mutant Ninja Turtles,tv_series,2012,,,,tt1877889,51817,
Netflix,3213610,Puniru is a Kawaii Slime,tv_series,2024,,,,tt33498499,241811,
Netflix,1761194,Enola Holmes 3,movie,2026,,,,tt32278481,1202033,
Netflix,329415,Death Note,tv_series,2006,,,,tt0877057,13916,
Netflix,3128190,The Resident,tv_series,2018,,,,tt6483832,74016,
Netflix,3183305,Dark Winds,tv_series,2022,,,,tt15017118,128904,
Netflix,1810796,28 Years Later: The Bone Temple,movie,2026,,,,tt32141377,1272837,
Netflix,344622,Fullmetal Alchemist: Brotherhood,tv_series,2009,,,,tt1355642,31911,
Netflix,319049,Call the Midwife,tv_series,2012,,,,tt1983079,39793,
Netflix,389252,Orange Is the New Black,tv_series,2013,,,,tt2372162,1424,
Netflix,358654,InuYasha,tv_series,2000,,,,tt0290223,35610,
Netflix,3250060,Pursuit of Jade,tv_series,2026,,,,tt35316225,279388,
Netflix,3160630,That Time I Got Reincarnated as a Slime,tv_series,2018,,,,tt9054364,82684,
Netflix,37377,Ancient Aliens,tv_series,2009,,,,tt1643266,32608,
Netflix,327983,Dark,tv_series,2017,,,,tt5753856,70523,
Netflix,11128155,My Dearest Assassin,movie,2026,,,,tt39749979,1630423,
Netflix,3148273,iCarly,tv_series,2007,,,,tt0972534,5371,
Netflix,382197,My Little Pony: Friendship Is Magic,tv_series,2010,,,,tt1751105,33765,
Netflix,3134152,Toriko,tv_series,2011,,,,tt1899047,38251,
Netflix,350006,Fighting Spirit,tv_series,2000,,,,tt0481256,42705,
Netflix,3231658,His & Hers,tv_miniseries,2026,,,,tt33035373,259731,
Netflix,3162878,Rosario Tijeras,tv_series,2016,,,,tt6340304,74428,
Netflix,369120,Legends of Tomorrow,tv_series,2016,,,,tt4532368,62643,
Netflix,3264217,Two Husbands One Wife,tv_series,2025,,,,tt36351405,287429,
Netflix,379722,Mom,tv_series,2013,,,,tt2660806,49011,
Netflix,3103913,Scandal,tv_series,2012,,,,tt1837576,39269,
Netflix,1582807,The Sandman,tv_series,2022,,,,tt1751634,90802,
Netflix,38901,Arrested Development,tv_series,2003,,,,tt0367279,4589,
Netflix,3122711,The Game,tv_series,2006,,,,tt0772137,211,
Netflix,3171191,One Piece,tv_series,2023,,,,tt11737520,111110,
Netflix,3181945,Uncle from Another World,tv_miniseries,2022,,,,tt15219320,127714,
Netflix,11143236,Susana and Elvira: No Plan B,movie,2026,,,,tt37762750,1580803,
Netflix,380005,Monster,tv_series,2004,,,,tt0434706,30981,
Netflix,3265503,The Map of Longing,tv_miniseries,2026,,,,tt36495086,288671,
Netflix,383653,Narcos,tv_series,2015,,,,tt2707408,63351,
Netflix,1357304,Spider-Man,movie,2002,,,,tt0145487,557,
Netflix,315530,BoJack Horseman,tv_series,2014,,,,tt3398228,61222,
Netflix,323535,Cobra Kai,tv_series,2018,,,,tt7221388,77169,
Netflix,375254,Manifest,tv_series,2018,,,,tt8421350,79696,
Netflix,3183610,"XO, Kitty",tv_series,2023,,,,tt14490706,195670,
Netflix,1156334,Hacksaw Ridge,movie,2016,,,,tt2119532,324786,
Netflix,3184187,The Lincoln Lawyer,tv_series,2022,,,,tt13833978,116799,
Netflix,3279637,The Apartment Job,tv_series,2026,,,,tt43357366,300727,
Netflix,390152,Overlord,tv_series,2015,,,,tt4869896,64196,
Netflix,351806,Henry Danger,tv_series,2014,,,,tt3596174,61852,
Netflix,3164977,Human Resources,tv_series,2022,,,,tt11092142,94252,
Netflix,397059,Queer Eye,tv_series,2018,,,,tt7259746,76922,
Netflix,539244,Scissor Seven,tv_series,2018,,,,tt10384610,79141,
Netflix,334046,Dragon Pilot: Hisone and Masotan,tv_miniseries,2018,,,,tt8528256,78473,
Netflix,3132663,Tiger & Bunny,tv_series,2011,,,,tt2061527,39659,
Netflix,3183092,Interview with the Vampire,tv_series,2022,,,,tt3960394,128098,
Netflix,1909628,Golden Kamuy -The Abashiri Prison Raid-,movie,2026,,,,tt38109660,1397201,
Netflix,351328,Heartland,tv_series,2007,,,,tt1094229,14929,
Netflix,3218047,Beauty in Black,tv_series,2024,,,,tt31260386,246246,
Netflix,3214957,Love Game in Eastern Fantasy,tv_series,2024,,,,tt30762431,243084,
Netflix,3171653,Shaman King,tv_series,2021,,,,tt12502782,104699,
Netflix,3220290,WIND BREAKER,tv_series,2024,,,,tt29605391,223500,
Netflix,1850369,Remarkably Bright Creatures,movie,2026,,,,tt33100314,1330021,
Netflix,390224,Ozark,tv_series,2017,,,,tt5071412,69740,
Netflix,341161,Fauda,tv_series,2015,,,,tt4565380,69557,
Netflix,3189482,The Recruit,tv_series,2022,,,,tt16030542,210916,
Netflix,3139785,Veronica Mars,tv_series,2004,,,,tt0412253,1432,
Netflix,390391,Pablo Escobar: El Patrón del Mal,tv_series,2012,,,,tt2187850,43348,
Netflix,3178198,Arcane,tv_series,2021,,,,tt11126994,94605,
Netflix,386637,Nurse Jackie,tv_series,2009,,,,tt1190689,18053,
Netflix,341248,Fear the Walking Dead,tv_series,2015,,,,tt3743822,62286,
Netflix,3172277,Mob Psycho 100,tv_series,2016,,,,tt5897304,67075,
Netflix,3174328,Sweet Home,tv_series,2020,,,,tt11612120,96648,
Netflix,4146765,Resident Alien,tv_series,2021,,,,tt8690918,96580,
Netflix,1255914,Minions: The Rise of Gru,movie,2022,,,,tt5113044,438148,
Netflix,36912,American Pickers,tv_series,2010,,,,tt1596786,32025,
Netflix,349971,Haikyu!!,tv_series,2014,,,,tt3398540,60863,
Netflix,3129195,The Sinner,tv_series,2017,,,,tt6048596,39852,
Netflix,334086,Drake & Josh,tv_series,2004,,,,tt0363328,2038,
Netflix,3263030,Notes from the Last Row,tv_series,2026,,,,tt36270432,286360,
Netflix,3617,13 Reasons Why,tv_series,2017,,,,tt1837492,66788,
Netflix,3170189,Alice in Borderland,tv_series,2020,,,,tt10795658,110316,
Netflix,544010,Lock Upp,tv_series,2022,,,,tt17736900,158282,
Netflix,363900,Kimi Ni Todoke: From Me to You,tv_series,2009,,,,tt1745240,68854,
Netflix,3179985,My Dress-Up Darling,tv_series,2022,,,,tt15765670,123249,
Netflix,3147059,Yu-Gi-Oh! Duel Monsters,tv_series,2000,,,,tt0247902,902,
Netflix,3183276,BEEF,tv_series,2023,,,,tt14403178,154385,
Netflix,1335706,Schindler's List,movie,1993,,,,tt0108052,424,
Netflix,383654,Narcos: Mexico,tv_series,2018,,,,tt8714904,80968,
Netflix,3267131,I'm Not Afraid,tv_series,2026,,,,tt36742917,290232,
Netflix,3182029,Hell's Paradise,tv_series,2023,,,,tt13911284,117465,
Netflix,3108470,Slam Dunk,tv_series,1993,,,,tt0965547,42573,
Netflix,1357317,Spider-Man: Into the Spider-Verse,movie,2018,,,,tt4633694,324857,
Netflix,3122753,The Garfield Show,tv_series,2008,,,,tt1470837,18352,
Netflix,1150975,Gone Girl,movie,2014,,,,tt2267998,210577,
Netflix,5469,99.9: Criminal Lawyer,tv_series,2016,,,,tt5487318,66584,
Netflix,314175,Big Mouth,tv_series,2017,,,,tt6524350,74204,
Netflix,3257080,Little House on the Prairie,tv_series,2026,,,,tt2431250,283304,
Netflix,543839,The Fall of the House of Usher,tv_miniseries,2023,,,,tt15567174,157065,
Netflix,3126885,The Octonauts,tv_series,2010,,,,tt1710177,37472,
Netflix,3171281,Resident Evil,tv_series,2022,,,,tt9660182,108296,
Netflix,3182352,Blue Lock,tv_series,2022,,,,tt15222080,131041,
Netflix,3185923,"Bastard!! Heavy Metal, Dark Fantasy",tv_series,2022,,,,tt17736234,156898,
Netflix,3212158,Dandadan,tv_series,2024,,,,tt30217403,240411,
Netflix,348343,Grace and Frankie,tv_series,2015,,,,tt3609352,62320,
Netflix,347103,Girlfriends,tv_series,2000,,,,tt0247102,2398,
Netflix,3172457,Vivy: Fluorite Eye's Song,tv_miniseries,2021,,,,tt13851958,116725,
Netflix,349696,H2O: Just Add Water,tv_series,2006,,,,tt0491603,2260,
Netflix,57366,Gokusen,tv_series,2002,,,,tt0292765,63409,
Netflix,3199407,When I Fly Towards You,tv_series,2023,,,,tt28036189,228547,
Netflix,3104676,Search Party,tv_series,2016,,,,tt5460226,67697,
Netflix,3208085,T-P Bon,tv_series,2024,,,,tt29402539,236385,
Netflix,347980,Good Girls,tv_series,2018,,,,tt6474378,71715,
Netflix,3179898,Vikings: Valhalla,tv_series,2022,,,,tt11311302,116135,
Netflix,3168500,BNA,tv_series,2020,,,,tt12013558,92592,
Netflix,3163451,Kenichi: The Mightiest Disciple,tv_series,2006,,,,tt1424037,37585,
Netflix,543244,The Tourist,tv_series,2022,,,,tt11847842,120909,
Netflix,328558,Dawson's Creek,tv_series,1998,,,,tt0118300,2327,
Netflix,3169931,Dark Desire,tv_series,2020,,,,tt12540080,105214,
Netflix,321685,Chi's Sweet Home,tv_series,2008,,,,tt1276525,34186,
Netflix,5803,Absentia,tv_series,2017,,,,tt6794990,72755,
Netflix,3176393,The Smurfs,tv_series,2021,,,,tt14670820,123591,
Netflix,3173776,Blue Period,tv_miniseries,2021,,,,tt14115912,116983,
Netflix,1357316,Spider-Man: Homecoming,movie,2017,,,,tt2250912,315635,
Netflix,3185948,Berlin and the Jewels of Paris,tv_miniseries,2023,,,,tt16288804,146176,
Netflix,3174627,The Uncanny Counter,tv_series,2020,,,,tt13273826,113268,
Netflix,3287269,Berlin and the Lady with an Ermine,tv_miniseries,2026,,,,tt42178219,308014,
Netflix,3160845,"Love, Death & Robots",tv_series,2019,,,,tt9561862,86831,
Netflix,4145263,The Naked Director,tv_series,2019,,,,tt10477528,90955,
Netflix,3176209,La Brea,tv_series,2021,,,,tt11640018,128839,
Netflix,354567,House of Cards,tv_series,2013,,,,tt1856010,1425,
Netflix,3257564,Glory,tv_series,2026,,,,tt35668375,283657,
Netflix,3171663,Edens Zero,tv_series,2021,,,,tt13167196,104711,
Netflix,3225853,Human Vapor,tv_miniseries,2026,,,,tt33083249,253960,
Netflix,3122447,The Following,tv_series,2013,,,,tt2071645,45094,
Netflix,383714,Nashville,tv_series,2012,,,,tt2281375,44549,
Netflix,3207909,The Seven Deadly Sins: Four Knights of the Apocalypse,tv_series,2023,,,,tt20228550,218843,
Netflix,3182027,Heartstopper,tv_series,2022,,,,tt10638036,124834,
Netflix,3222459,The Beast in Me,tv_miniseries,2025,,,,tt31974367,250504,
Netflix,311428,Baki,tv_series,2016,,,,tt6357658,80623,
Netflix,3168887,Too Hot to Handle,tv_series,2020,,,,tt12004280,102085,
Netflix,35777,All American,tv_series,2018,,,,tt7414406,82428,
Netflix,3140509,Violet Evergarden,tv_miniseries,2018,,,,tt7078180,75214,
Netflix,310255,Avatar: The Last Airbender,tv_series,2005,,,,tt0417299,246,
Netflix,3165803,Magia Record: Puella Magi Madoka Magica Side Story,tv_series,2020,,,,tt9547400,94523,
Netflix,384278,Neon Genesis Evangelion,tv_series,1995,,,,tt0112159,890,
Netflix,3134369,Touched by an Angel,tv_series,1994,,,,tt0108968,2243,
Netflix,3146860,Younger,tv_series,2015,,,,tt3288518,62117,
Netflix,1684702,Peaky Blinders: The Immortal Man,movie,2026,,,,tt15574124,875828,
Netflix,117923,After,movie,2019,,,,tt4126476,537915,
Netflix,3110052,Southland,tv_series,2009,,,,tt1299368,17611,
Netflix,330507,Designated Survivor,tv_series,2016,,,,tt5296406,67026,
Netflix,3186212,Alchemy of Souls,tv_series,2022,,,,tt20859920,135157,
Netflix,1402324,The Last Witch Hunter,movie,2015,,,,tt1618442,274854,
Netflix,3130479,The Umbrella Academy,tv_series,2019,,,,tt1312171,75006,
Netflix,1687940,The Next 365 Days,movie,2022,,,,tt21106646,829560,
Netflix,3163336,The Quintessential Quintuplets,tv_series,2019,,,,tt9584920,84669,
Netflix,391773,Pawn Stars,tv_series,2009,,,,tt1492088,21755,
Netflix,3187061,Love Between Fairy and Devil,tv_series,2022,,,,tt14922556,130368,
Hulu,368472,Law & Order: Special Victims Unit,tv_series,1999,,,,tt0203259,2734,
Hulu,368467,Law & Order,tv_series,1990,,,,tt0098844,549,
Hulu,3125875,The Mentalist,tv_series,2008,,,,tt1196946,5920,
Hulu,3171655,Mushoku Tensei: Jobless Reincarnation,tv_series,2021,,,,tt13293588,94664,
Hulu,3100109,Rick and Morty,tv_series,2013,,,,tt2861424,60625,
Hulu,348921,Grey's Anatomy,tv_series,2005,,,,tt0413573,1416,
Hulu,340557,Family Guy,tv_series,1999,,,,tt0182576,1434,
Hulu,3128501,The Rookie,tv_series,2018,,,,tt7587890,79744,
Hulu,3129170,The Simpsons,tv_series,1989,,,,tt0096697,456,
Hulu,383007,NCIS,tv_series,2003,,,,tt0364845,4614,
Hulu,326122,Criminal Minds,tv_series,2005,,,,tt0452046,4057,
Hulu,3215083,Pritam Pedro,tv_series,2026,,,,tt28077038,243206,
Hulu,398331,Re: Zero - Starting Life in Another World,tv_series,2016,,,,tt5607616,65942,
Hulu,354497,House,tv_series,2004,,,,tt0412142,1408,
Hulu,3171090,The Misfit of Demon King Academy,tv_series,2020,,,,tt12432936,97617,
Hulu,3108714,Smallville,tv_series,2001,,,,tt0279600,4604,
Hulu,371261,LIVE with Kelly and Mark,tv_series,1988,,,,tt0096636,1900,
Hulu,36772,American Dad!,tv_series,2005,,,,tt0397306,1433,
Hulu,315901,Bones,tv_series,2005,,,,tt0460627,1911,
Hulu,31103,24,tv_series,2001,,,,tt0285331,1973,
Hulu,379569,Modern Family,tv_series,2009,,,,tt1442437,1421,
Hulu,3125390,El Señor de los Cielos,tv_series,2013,,,,tt2777882,44953,
Hulu,343791,Frasier,tv_series,1993,,,,tt0106004,3452,
Hulu,318696,CSI: Miami,tv_series,2002,,,,tt0313043,1620,
Hulu,3114308,Survivor,tv_series,2000,,,,tt0239195,14658,
Hulu,399148,Regular Show,tv_series,2010,,,,tt1710308,31132,
Hulu,3165932,Pokémon,tv_series,1997,,,,tt0168366,60572,
Hulu,3130757,The View,tv_series,1997,,,,tt0123366,2221,
Hulu,360558,Jimmy Kimmel Live!,tv_series,2003,,,,tt0320037,1489,
Hulu,372371,Lost,tv_series,2004,,,,tt0411008,4607,
Hulu,3170425,JUJUTSU KAISEN,tv_series,2020,,,,tt12343534,95479,
Hulu,32002,9-1-1,tv_series,2018,,,,tt7235466,75219,
Hulu,3131556,The X-Files,tv_series,1993,,,,tt0106179,4087,
Hulu,3123040,The Good Doctor,tv_series,2017,,,,tt6470478,71712,
Hulu,353805,Homeland,tv_series,2011,,,,tt1796960,1407,
Hulu,330554,Desperate Housewives,tv_series,2004,,,,tt0410975,693,
Hulu,360272,Jeopardy!,tv_series,1984,,,,tt0159881,2912,
Hulu,3117041,Teen Titans Go!,tv_series,2013,,,,tt2771780,45140,
Hulu,388725,One Tree Hill,tv_series,2003,,,,tt0368530,269,
Hulu,395542,Prison Break,tv_series,2005,,,,tt0455275,2288,
Hulu,1184713,Interstellar,movie,2014,,,,tt0816692,157336,
Hulu,315082,Bleach,tv_series,2004,,,,tt0434665,30984,
Hulu,3104048,Schitt's Creek,tv_series,2015,,,,tt3526078,61662,
Hulu,34347,Adventure Time,tv_series,2010,,,,tt1305826,15260,
Hulu,3123483,The Handmaid's Tale,tv_series,2017,,,,tt5834204,69478,
Hulu,3197203,High Potential,tv_series,2024,,,,tt22091076,226637,
Hulu,315402,Blue Bloods,tv_series,2010,,,,tt1595859,32692,
Hulu,3160482,RadhaKrishn,tv_series,2018,,,,tt9025492,86310,
Hulu,383672,Naruto,tv_series,2002,,,,tt0409591,46260,
Hulu,3132065,This Is Us,tv_series,2016,,,,tt5555260,67136,
Hulu,355269,Hunter x Hunter,tv_series,2011,,,,tt2098220,46298,
Hulu,359164,It's Always Sunny in Philadelphia,tv_series,2005,,,,tt0472954,2710,
Hulu,364024,King of the Hill,tv_series,1997,,,,tt0118375,2122,
Hulu,3195245,Frieren: Beyond Journey's End,tv_series,2023,,,,tt22248376,209867,
Hulu,320296,Castle,tv_series,2009,,,,tt1219024,1419,
Hulu,393949,Agatha Christie's Poirot,tv_series,1989,,,,tt0094525,790,
Hulu,3183123,Spy x Family,tv_series,2022,,,,tt13706018,120089,
Hulu,3174087,American Horror Story,tv_series,2011,,,,tt1844624,1413,
Hulu,3109684,Sons of Anarchy,tv_series,2008,,,,tt1124373,1409,
Hulu,1778827,Maa Inti Bangaram,movie,2026,,,,tt32237111,1227241,
Hulu,354707,How I Met Your Mother,tv_series,2005,,,,tt0460649,1100,
Hulu,3184679,The Bear,tv_series,2022,,,,tt14452776,136315,
Hulu,340865,Fargo,tv_series,2014,,,,tt2802850,60622,
Hulu,337124,Elementary,tv_series,2012,,,,tt2191671,1415,
Hulu,346952,Gilmore Girls,tv_series,2000,,,,tt0238784,4586,
Hulu,344850,Futurama,tv_series,1999,,,,tt0149460,615,
Hulu,3122988,The Goldbergs,tv_series,2013,,,,tt2712740,49009,
Hulu,3108895,Snapped,tv_series,2004,,,,tt0429434,10184,
Hulu,344234,Fringe,tv_series,2008,,,,tt1119644,1705,
Hulu,315597,Bob's Burgers,tv_series,2011,,,,tt1561755,32726,
Hulu,335115,ER,tv_series,1994,,,,tt0108757,4588,
Hulu,1884698,Predator: Badlands,movie,2025,,,,tt31227572,1242898,
Hulu,384543,New Girl,tv_series,2011,,,,tt1826940,1420,
Hulu,360647,JoJo's Bizarre Adventure,tv_series,2012,,,,tt2359704,45790,
Hulu,3194672,The Apothecary Diaries,tv_series,2023,,,,tt26743760,220542,
Hulu,395285,Sailor Moon,tv_series,1992,,,,tt0103369,3570,
Hulu,383674,Naruto: Shippuden,tv_series,2007,,,,tt0988824,31910,
Hulu,330932,Devon Ke Dev...Mahadev,tv_series,2011,,,,tt2147999,42316,
Hulu,1438466,Toy Story,movie,1995,,,,tt0114709,862,
Hulu,388529,Once Upon a Time,tv_series,2011,,,,tt1843230,39272,
Hulu,317718,Buffy the Vampire Slayer,tv_series,1997,,,,tt0118276,95,
Hulu,388694,One Piece,tv_series,1999,,,,tt0388629,37854,
Hulu,3164625,Tamron Hall,tv_series,2019,,,,tt9071818,93449,
Hulu,346682,Ghost Adventures,tv_series,2008,,,,tt1319900,17937,
Hulu,3189665,Tracker,tv_series,2024,,,,tt13875494,211288,
Hulu,3126417,The Nanny,tv_series,1993,,,,tt0106080,2352,
Hulu,36863,American Idol,tv_series,2002,,,,tt0319931,3626,
Hulu,385447,Nip/Tuck,tv_series,2003,,,,tt0361217,3750,
Hulu,3104557,Scrubs,tv_series,2001,,,,tt0285403,4556,
Hulu,327538,Damages,tv_series,2007,,,,tt0914387,4920,
Hulu,1377874,The Avengers,movie,2012,,,,tt0848228,24428,
Hulu,318697,CSI: NY,tv_series,2004,,,,tt0395843,2458,
Hulu,3147057,Yu-Gi-Oh! Arc-V,tv_series,2014,,,,tt3696476,67460,
Hulu,3952,20/20,tv_series,1978,,,,tt0124932,2035,
Hulu,347307,Glee,tv_series,2009,,,,tt1327801,1417,
Hulu,543512,Love Me,tv_miniseries,2021,,,,tt15233564,139628,
Hulu,347786,Gold Rush,tv_series,2010,,,,tt1800864,34634,
Hulu,398072,Ranma ½,tv_series,1989,,,,tt0096686,57706,
Hulu,321487,Cheers,tv_series,1982,,,,tt0083399,141,
Hulu,324310,Community,tv_series,2009,,,,tt1439629,18347,
Hulu,374873,Malcolm in the Middle,tv_series,2000,,,,tt0212671,2004,
Hulu,351613,Hell's Kitchen,tv_series,2005,,,,tt0437005,2370,
Hulu,398706,REBORN!,tv_series,2006,,,,tt1224144,45857,
Hulu,316213,Boston Legal,tv_series,2004,,,,tt0402711,4598,
Hulu,329415,Death Note,tv_series,2006,,,,tt0877057,13916,
Hulu,3128190,The Resident,tv_series,2018,,,,tt6483832,74016,
Hulu,3142344,We Bare Bears,tv_series,2014,,,,tt4839610,63401,
Hulu,344622,Fullmetal Alchemist: Brotherhood,tv_series,2009,,,,tt1355642,31911,
Hulu,381439,Murdoch Mysteries,tv_series,2008,,,,tt1091909,12786,
Hulu,3129060,The Shield,tv_series,2002,,,,tt0286486,1414,
Hulu,358654,InuYasha,tv_series,2000,,,,tt0290223,35610,
Hulu,3191795,Heavenly Delusion,tv_series,2023,,,,tt22817632,208891,
Hulu,326699,Curious George,tv_series,2006,,,,tt0449545,656,
Hulu,37377,Ancient Aliens,tv_series,2009,,,,tt1643266,32608,
Hulu,1759209,Send Help,movie,2026,,,,tt8036976,1198994,
Hulu,3134152,Toriko,tv_series,2011,,,,tt1899047,38251,
Hulu,38836,Army Wives,tv_series,2007,,,,tt0859592,5325,
Hulu,3118708,The Amazing World of Gumball,tv_series,2011,,,,tt1942683,37606,
Hulu,3114744,Switched at Birth,tv_series,2011,,,,tt1758772,37632,
Hulu,3171378,Ghum Hai Kisikey Pyaar Meiin,tv_series,2020,,,,tt13085534,111453,
Hulu,3135512,True Blood,tv_series,2008,,,,tt0844441,10545,
Hulu,344585,Full House,tv_series,1987,,,,tt0092359,4313,
Hulu,3159638,Rascal Does Not Dream of Bunny Girl Senpai,tv_series,2018,,,,tt8993398,82739,
Hulu,3103913,Scandal,tv_series,2012,,,,tt1837576,39269,
Hulu,3186375,Daredevil: Born Again,tv_series,2025,,,,tt18923754,202555,
Hulu,3118691,The Amazing Race,tv_series,2001,,,,tt0285335,30957,
Hulu,3112006,Steven Universe,tv_series,2013,,,,tt3061046,61175,
Hulu,3179550,The Cleaning Lady,tv_series,2022,,,,tt11188682,125282,
Hulu,322066,Chopped,tv_series,2007,,,,tt1353281,17404,
Hulu,327970,Daredevil,tv_series,2015,,,,tt3322312,61889,
Hulu,395274,Pretty Little Liars,tv_series,2010,,,,tt1578873,31917,
Hulu,1357304,Spider-Man,movie,2002,,,,tt0145487,557,
Hulu,3243920,Medalist,tv_series,2025,,,,tt33310730,237529,
Hulu,340566,Family Matters,tv_series,1989,,,,tt0096579,2685,
Hulu,354832,How to Get Away with Murder,tv_series,2014,,,,tt3205802,61056,
Hulu,3108291,Skins,tv_series,2007,,,,tt0840196,900,
Hulu,1806067,Ready or Not: Here I Come,movie,2026,,,,tt33978029,1266127,
Hulu,3164794,Kyunki... Saas Bhi Kabhi Bahu Thi...,tv_series,2000,,,,tt0278212,6060,
Hulu,3118053,That's So Raven,tv_series,2003,,,,tt0300865,4602,
Hulu,3103805,Saving Hope,tv_series,2012,,,,tt1954804,43097,
Hulu,373453,M*A*S*H,tv_series,1972,,,,tt0068098,918,
Hulu,3102676,Sabrina the Teenage Witch,tv_series,1996,,,,tt0115341,605,
Hulu,3147060,Yu-Gi-Oh! GX,tv_series,2004,,,,tt0493334,12536,
Hulu,332034,"Diners, Drive-ins and Dives",tv_series,2006,,,,tt1020913,4086,
Hulu,3126864,The O.C.,tv_series,2003,,,,tt0362359,2673,
Hulu,313674,Bewitched,tv_series,1964,,,,tt0057733,4482,
Hulu,369975,Letterkenny,tv_series,2016,,,,tt4647692,65798,
Hulu,354720,How It's Made,tv_series,2001,,,,tt0835010,1749,
Hulu,1387349,The Devil Wears Prada,movie,2006,,,,tt0458352,350,
Hulu,3144350,Will & Grace,tv_series,1998,,,,tt0157246,4454,
Hulu,397827,Raising Hope,tv_series,2010,,,,tt1615919,32815,
Hulu,382640,MythBusters,tv_series,2003,,,,tt0383126,1428,
Hulu,3139785,Veronica Mars,tv_series,2004,,,,tt0412253,1432,
Hulu,3175425,Spidey and His Amazing Friends,tv_series,2021,,,,tt10862280,127635,
Hulu,37566,Angel,tv_series,1999,,,,tt0162065,2426,
Hulu,3124683,The Killing,tv_series,2011,,,,tt1637727,34415,
Hulu,3222765,Go! Go! Loser Ranger!,tv_series,2024,,,,tt28082379,215799,
Hulu,3172277,Mob Psycho 100,tv_series,2016,,,,tt5897304,67075,
Hulu,3180882,La Patrona,tv_series,2013,,,,tt2585808,44914,
Hulu,3182004,The Eminence in Shadow,tv_series,2022,,,,tt14115938,119495,
Hulu,3188343,Will Trent,tv_series,2023,,,,tt17543592,208569,
Hulu,36912,American Pickers,tv_series,2010,,,,tt1596786,32025,
Hulu,3165108,"Welcome to Demon-School, Iruma-kun",tv_series,2019,,,,tt11034066,91801,
Hulu,3109227,Sofia the First,tv_series,2012,,,,tt2136138,46928,
Hulu,361778,Justified,tv_series,2010,,,,tt1489428,1436,
Hulu,3143658,White Collar,tv_series,2009,,,,tt1358522,21510,
Hulu,3129647,The Strain,tv_series,2014,,,,tt2654620,47640,
Hulu,3217677,Paradise,tv_series,2025,,,,tt27444205,245927,
Hulu,1434738,Titanic,movie,1997,,,,tt0120338,597,
Hulu,3168100,Big Sky,tv_series,2020,,,,tt11794642,100010,
Hulu,388699,One Punch Man,tv_series,2015,,,,tt4508902,63926,
Hulu,3106471,Sherlock,tv_series,2010,,,,tt1475582,19885,
Hulu,3106072,Shadowhunters,tv_series,2016,,,,tt4145054,63210,
Hulu,3106168,Shameless,tv_series,2004,,,,tt0377260,1906,
Hulu,31329,30 Rock,tv_series,2006,,,,tt0496424,4608,
Hulu,3182029,Hell's Paradise,tv_series,2023,,,,tt13911284,117465,
Hulu,3123000,The Golden Girls,tv_series,1985,,,,tt0088526,1678,
Hulu,322947,Clarence,tv_series,2013,,,,tt3061050,50035,
Hulu,3188019,Oshi No Ko,tv_series,2023,,,,tt21030032,203737,
Hulu,366034,L.A. Law,tv_series,1986,,,,tt0090466,732,
Hulu,3175847,The Great,tv_series,2020,,,,tt2235759,93812,
Hulu,3176004,The Promised Neverland,tv_series,2019,,,,tt8788458,83097,
Hulu,1428374,The Wolf of Wall Street,movie,2013,,,,tt0993846,106646,
Hulu,382260,My Name Is Earl,tv_series,2005,,,,tt0460091,2317,
Hulu,1937178,Brothers Under Fire,movie,2026,,,,tt32394984,1414413,
Hulu,36695,America's Next Top Model,tv_series,2003,,,,tt0363307,331,
Hulu,3212158,Dandadan,tv_series,2024,,,,tt30217403,240411,
Hulu,329246,Deadliest Catch,tv_series,2005,,,,tt0446809,2612,
Hulu,383673,Naruto SD: Rock Lee & His Ninja Pals,tv_series,2012,,,,tt2301807,43168,
Hulu,317984,Burn Notice,tv_series,2007,,,,tt0810788,2919,
Hulu,194978,Death on the Nile,movie,2022,,,,tt7657566,505026,
Hulu,3177403,My Next Life as a Villainess: All Routes Lead to Doom!,tv_series,2020,,,,tt11821792,94904,
Hulu,395602,Private Practice,tv_series,2007,,,,tt0972412,3172,
Hulu,3158035,The Masked Singer,tv_series,2019,,,,tt7670568,84910,
Hulu,325754,Craig of the Creek,tv_series,2017,,,,tt7713450,79061,
Hulu,3181802,Summer Time Rendering,tv_series,2022,,,,tt15686254,117933,
Hulu,39812,Attack on Titan,tv_series,2013,,,,tt2560140,1429,
Hulu,3143447,Wheel of Fortune,tv_series,1983,,,,tt0072584,2778,
Hulu,3163451,Kenichi: The Mightiest Disciple,tv_series,2006,,,,tt1424037,37585,
Hulu,35860,All Saints,tv_series,1998,,,,tt0163924,2167,
Hulu,3111780,Station 19,tv_series,2018,,,,tt7053188,76773,
Hulu,328558,Dawson's Creek,tv_series,1998,,,,tt0118300,2327,
Hulu,380214,Moonlighting,tv_series,1985,,,,tt0088571,1998,
Hulu,3118752,The Americans,tv_series,2013,,,,tt2149175,46533,
Hulu,3177152,The Sex Lives of College Girls,tv_series,2021,,,,tt11212276,134373,
Hulu,3131350,The Wonder Years,tv_series,1988,,,,tt0094582,4500,
Hulu,3108965,Snowfall,tv_series,2017,,,,tt6439752,71694,
Hulu,1359310,Star Wars: The Last Jedi,movie,2017,,,,tt2527336,181808,
Hulu,314809,Black Butler,tv_series,2008,,,,tt1316554,50712,
Hulu,3114124,Superstore,tv_series,2015,,,,tt4477976,62649,
Hulu,358923,Ishqbaaaz,tv_series,2016,,,,tt5919914,68604,
Hulu,1853463,Vaazha II,movie,2026,,,,tt33245761,1336770,
Hulu,3126020,The Mindy Project,tv_series,2012,,,,tt2211129,44857,
Hulu,38608,Archer,tv_series,2009,,,,tt1486217,10283,
Hulu,3173624,Yu-Gi-Oh! 5D's,tv_series,2008,,,,tt1196094,20695,
Hulu,3143870,Who's the Boss?,tv_series,1984,,,,tt0086827,634,
Hulu,370156,Lie to Me,tv_series,2009,,,,tt1235099,8358,
Hulu,3163407,Love Island USA,tv_series,2019,,,,tt8819906,90521,
Hulu,34728,Agatha Christie's Marple,tv_series,2004,,,,tt1734537,6127,
Hulu,3114754,Sword Art Online,tv_series,2012,,,,tt2250192,45782,
Hulu,327635,Dance Moms,tv_series,2011,,,,tt1991410,40026,
Hulu,3124212,The Irregular at Magic High School,tv_series,2014,,,,tt3874528,60833,
Hulu,317400,Brothers & Sisters,tv_series,2006,,,,tt0758737,341,
Hulu,376144,MasterChef,tv_series,2010,,,,tt1694423,40290,
Hulu,368180,Last Man Standing,tv_series,2011,,,,tt1828327,39297,
Hulu,3155995,What We Do in the Shadows,tv_series,2019,,,,tt7908628,83631,
Hulu,3106263,Shark Tank,tv_series,2009,,,,tt1442550,30703,
Hulu,3162826,9-1-1: Lone Star,tv_series,2020,,,,tt10323338,89393,
Hulu,3163604,All Rise,tv_series,2019,,,,tt10329042,90872,
Hulu,344049,Fresh Off the Boat,tv_series,2015,,,,tt3551096,61692,
Hulu,358999,Iss Pyaar Ko Kya Naam Doon,tv_series,2011,,,,tt2300165,39390,
Hulu,313568,Better Things,tv_series,2016,,,,tt4370596,66859,
Hulu,3168913,Tower of God,tv_series,2020,,,,tt12057106,97860,
Hulu,1316707,Ratatouille,movie,2007,,,,tt0382932,2062,
Hulu,3136802,Ugly Betty,tv_series,2006,,,,tt0805669,4626,
Hulu,391773,Pawn Stars,tv_series,2009,,,,tt1492088,21755,
Hulu,3233191,Mid-Century Modern,tv_series,2025,,,,tt32641461,261363,
Hulu,379476,Mobile Suit Gundam SEED,tv_series,2002,,,,tt0374407,20111,
Hulu,3170724,Animaniacs,tv_series,2020,,,,tt6951546,107124,
Hulu,383563,Nana,tv_series,2006,,,,tt0810705,56568,
Hulu,3179116,Only Murders in the Building,tv_series,2021,,,,tt11691774,107113,
Hulu,363791,Kill La Kill,tv_series,2013,,,,tt3114390,60728,
Hulu,337129,Elena of Avalor,tv_series,2016,,,,tt4549142,67175,
Hulu,153019,Black Hawk Down,movie,2001,,,,tt0265086,855,
Hulu,33801,Absolutely Fabulous,tv_series,1992,,,,tt0105929,4493,
Hulu,3222766,Mission: Yozakura Family,tv_series,2024,,,,tt31131310,216467,
Hulu,314933,Black-ish,tv_series,2014,,,,tt3487356,61381,
Hulu,3185315,Chainsaw Man,tv_series,2022,,,,tt13616990,114410,
Hulu,325398,Cougar Town,tv_series,2009,,,,tt1441109,18202,
Hulu,342033,Firefly,tv_series,2002,,,,tt0303461,1437,
Disney+,1842467,Descendants: Wicked Wonderland,tv_movie,2026,,,,tt34477910,1318621,
Disney+,368472,Law & Order: Special Victims Unit,tv_series,1999,,,,tt0203259,2734,
Disney+,368467,Law & Order,tv_series,1990,,,,tt0098844,549,
Disney+,3125875,The Mentalist,tv_series,2008,,,,tt1196946,5920,
Disney+,3171655,Mushoku Tensei: Jobless Reincarnation,tv_series,2021,,,,tt13293588,94664,
Disney+,3100109,Rick and Morty,tv_series,2013,,,,tt2861424,60625,
Disney+,348921,Grey's Anatomy,tv_series,2005,,,,tt0413573,1416,
Disney+,340557,Family Guy,tv_series,1999,,,,tt0182576,1434,
Disney+,3128501,The Rookie,tv_series,2018,,,,tt7587890,79744,
Disney+,3129170,The Simpsons,tv_series,1989,,,,tt0096697,456,
Disney+,383007,NCIS,tv_series,2003,,,,tt0364845,4614,
Disney+,326122,Criminal Minds,tv_series,2005,,,,tt0452046,4057,
Disney+,378874,Miraculous: Tales of Ladybug & Cat Noir,tv_series,2015,,,,tt2580046,65334,
Disney+,398331,Re: Zero - Starting Life in Another World,tv_series,2016,,,,tt5607616,65942,
Disney+,354497,House,tv_series,2004,,,,tt0412142,1408,
Disney+,138019,Avatar: Fire and Ash,movie,2025,,,,tt1757678,83533,
Disney+,3108714,Smallville,tv_series,2001,,,,tt0279600,4604,
Disney+,36772,American Dad!,tv_series,2005,,,,tt0397306,1433,
Disney+,315901,Bones,tv_series,2005,,,,tt0460627,1911,
Disney+,31103,24,tv_series,2001,,,,tt0285331,1973,
Disney+,379569,Modern Family,tv_series,2009,,,,tt1442437,1421,
Disney+,3125390,El Señor de los Cielos,tv_series,2013,,,,tt2777882,44953,
Disney+,343791,Frasier,tv_series,1993,,,,tt0106004,3452,
Disney+,318696,CSI: Miami,tv_series,2002,,,,tt0313043,1620,
Disney+,3114308,Survivor,tv_series,2000,,,,tt0239195,14658,
Disney+,399148,Regular Show,tv_series,2010,,,,tt1710308,31132,
Disney+,3165932,Pokémon,tv_series,1997,,,,tt0168366,60572,
Disney+,370692,Lilo & Stitch: The Series,tv_series,2003,,,,tt0364774,2355,
Disney+,3130757,The View,tv_series,1997,,,,tt0123366,2221,
Disney+,1892965,Hoppers,movie,2026,,,,tt26443616,1327819,
Disney+,360558,Jimmy Kimmel Live!,tv_series,2003,,,,tt0320037,1489,
Disney+,372371,Lost,tv_series,2004,,,,tt0411008,4607,
Disney+,3170425,JUJUTSU KAISEN,tv_series,2020,,,,tt12343534,95479,
Disney+,32002,9-1-1,tv_series,2018,,,,tt7235466,75219,
Disney+,3131556,The X-Files,tv_series,1993,,,,tt0106179,4087,
Disney+,3123040,The Good Doctor,tv_series,2017,,,,tt6470478,71712,
Disney+,353805,Homeland,tv_series,2011,,,,tt1796960,1407,
Disney+,330554,Desperate Housewives,tv_series,2004,,,,tt0410975,693,
Disney+,360272,Jeopardy!,tv_series,1984,,,,tt0159881,2912,
Disney+,3117041,Teen Titans Go!,tv_series,2013,,,,tt2771780,45140,
Disney+,388725,One Tree Hill,tv_series,2003,,,,tt0368530,269,
Disney+,395542,Prison Break,tv_series,2005,,,,tt0455275,2288,
Disney+,1184713,Interstellar,movie,2014,,,,tt0816692,157336,
Disney+,315082,Bleach,tv_series,2004,,,,tt0434665,30984,
Disney+,3104048,Schitt's Creek,tv_series,2015,,,,tt3526078,61662,
Disney+,34347,Adventure Time,tv_series,2010,,,,tt1305826,15260,
Disney+,3123483,The Handmaid's Tale,tv_series,2017,,,,tt5834204,69478,
Disney+,3197203,High Potential,tv_series,2024,,,,tt22091076,226637,
Disney+,1589918,Spider-Man: No Way Home,movie,2021,,,,tt10872600,634649,
Disney+,315402,Blue Bloods,tv_series,2010,,,,tt1595859,32692,
Disney+,383672,Naruto,tv_series,2002,,,,tt0409591,46260,
Disney+,3132065,This Is Us,tv_series,2016,,,,tt5555260,67136,
Disney+,355269,Hunter x Hunter,tv_series,2011,,,,tt2098220,46298,
Disney+,359164,It's Always Sunny in Philadelphia,tv_series,2005,,,,tt0472954,2710,
Disney+,364024,King of the Hill,tv_series,1997,,,,tt0118375,2122,
Disney+,3195245,Frieren: Beyond Journey's End,tv_series,2023,,,,tt22248376,209867,
Disney+,11210896,Simpsley,movie,2026,,,,tt43140642,1725116,
Disney+,320296,Castle,tv_series,2009,,,,tt1219024,1419,
Disney+,3182829,X-Men '97,tv_series,2024,,,,tt16026746,138502,
Disney+,393949,Agatha Christie's Poirot,tv_series,1989,,,,tt0094525,790,
Disney+,3183123,Spy x Family,tv_series,2022,,,,tt13706018,120089,
Disney+,3174087,American Horror Story,tv_series,2011,,,,tt1844624,1413,
Disney+,3109684,Sons of Anarchy,tv_series,2008,,,,tt1124373,1409,
Disney+,34792,Agents of S.H.I.E.L.D.,tv_series,2013,,,,tt2364582,1403,
Disney+,354707,How I Met Your Mother,tv_series,2005,,,,tt0460649,1100,
Disney+,3184679,The Bear,tv_series,2022,,,,tt14452776,136315,
Disney+,337124,Elementary,tv_series,2012,,,,tt2191671,1415,
Disney+,1789097,Moana 2,movie,2024,,,,tt13622970,1241982,
Disney+,346952,Gilmore Girls,tv_series,2000,,,,tt0238784,4586,
Disney+,344850,Futurama,tv_series,1999,,,,tt0149460,615,
Disney+,3122988,The Goldbergs,tv_series,2013,,,,tt2712740,49009,
Disney+,3108895,Snapped,tv_series,2004,,,,tt0429434,10184,
Disney+,344234,Fringe,tv_series,2008,,,,tt1119644,1705,
Disney+,315597,Bob's Burgers,tv_series,2011,,,,tt1561755,32726,
Disney+,335115,ER,tv_series,1994,,,,tt0108757,4588,
Disney+,1884698,Predator: Badlands,movie,2025,,,,tt31227572,1242898,
Disney+,384543,New Girl,tv_series,2011,,,,tt1826940,1420,
Disney+,360647,JoJo's Bizarre Adventure,tv_series,2012,,,,tt2359704,45790,
Disney+,3194672,The Apothecary Diaries,tv_series,2023,,,,tt26743760,220542,
Disney+,392697,Phineas and Ferb,tv_series,2007,,,,tt0852863,1877,
Disney+,395285,Sailor Moon,tv_series,1992,,,,tt0103369,3570,
Disney+,383674,Naruto: Shippuden,tv_series,2007,,,,tt0988824,31910,
Disney+,388529,Once Upon a Time,tv_series,2011,,,,tt1843230,39272,
Disney+,317718,Buffy the Vampire Slayer,tv_series,1997,,,,tt0118276,95,
Disney+,388694,One Piece,tv_series,1999,,,,tt0388629,37854,
Disney+,138018,Avatar: The Way of Water,movie,2022,,,,tt1630029,76600,
Disney+,3164625,Tamron Hall,tv_series,2019,,,,tt9071818,93449,
Disney+,138100,Avengers: Infinity War,movie,2018,,,,tt4154756,299536,
Disney+,346682,Ghost Adventures,tv_series,2008,,,,tt1319900,17937,
Disney+,3189665,Tracker,tv_series,2024,,,,tt13875494,211288,
Disney+,3126417,The Nanny,tv_series,1993,,,,tt0106080,2352,
Disney+,1785478,Zootopia 2,movie,2025,,,,tt26443597,1084242,
Disney+,3111478,Star Wars: The Clone Wars,tv_series,2008,,,,tt0458290,4194,
Disney+,36863,American Idol,tv_series,2002,,,,tt0319931,3626,
Disney+,385447,Nip/Tuck,tv_series,2003,,,,tt0361217,3750,
Disney+,3104557,Scrubs,tv_series,2001,,,,tt0285403,4556,
Disney+,327538,Damages,tv_series,2007,,,,tt0914387,4920,
Disney+,315497,Bluey,tv_series,2018,,,,tt7678620,82728,
Disney+,1377874,The Avengers,movie,2012,,,,tt0848228,24428,
Disney+,348599,Gravity Falls,tv_series,2012,,,,tt1865718,40075,
Disney+,318697,CSI: NY,tv_series,2004,,,,tt0395843,2458,
Disney+,3147057,Yu-Gi-Oh! Arc-V,tv_series,2014,,,,tt3696476,67460,
Disney+,3952,20/20,tv_series,1978,,,,tt0124932,2035,
Disney+,347307,Glee,tv_series,2009,,,,tt1327801,1417,
Disney+,398072,Ranma ½,tv_series,1989,,,,tt0096686,57706,
Disney+,321487,Cheers,tv_series,1982,,,,tt0083399,141,
Disney+,3127764,The Punisher,tv_series,2017,,,,tt5675620,67178,
Disney+,324310,Community,tv_series,2009,,,,tt1439629,18347,
Disney+,374873,Malcolm in the Middle,tv_series,2000,,,,tt0212671,2004,
Disney+,398706,REBORN!,tv_series,2006,,,,tt1224144,45857,
Disney+,327710,Dancing with the Stars,tv_series,2005,,,,tt0463398,1508,
Disney+,329415,Death Note,tv_series,2006,,,,tt0877057,13916,
Disney+,3128190,The Resident,tv_series,2018,,,,tt6483832,74016,
Disney+,3142344,We Bare Bears,tv_series,2014,,,,tt4839610,63401,
Disney+,344622,Fullmetal Alchemist: Brotherhood,tv_series,2009,,,,tt1355642,31911,
Disney+,1438468,Toy Story 3,movie,2010,,,,tt0435761,10193,
Disney+,3129060,The Shield,tv_series,2002,,,,tt0286486,1414,
Disney+,358654,InuYasha,tv_series,2000,,,,tt0290223,35610,
Disney+,3191795,Heavenly Delusion,tv_series,2023,,,,tt22817632,208891,
Disney+,1494176,Deadpool & Wolverine,movie,2024,,,,tt6263850,533535,
Disney+,37377,Ancient Aliens,tv_series,2009,,,,tt1643266,32608,
Disney+,1543522,Spider-Man: Across the Spider-Verse,movie,2023,,,,tt9362722,569094,
Disney+,1759209,Send Help,movie,2026,,,,tt8036976,1198994,
Disney+,38836,Army Wives,tv_series,2007,,,,tt0859592,5325,
Disney+,3118708,The Amazing World of Gumball,tv_series,2011,,,,tt1942683,37606,
Disney+,332787,Doc McStuffins: Pet Rescue/Baby/Ultimate Safari/Arctic Rescue/Toy Hospital,tv_series,2012,,,,tt1710295,46262,
Disney+,3135512,True Blood,tv_series,2008,,,,tt0844441,10545,
Disney+,344585,Full House,tv_series,1987,,,,tt0092359,4313,
Disney+,3110074,Soy Luna,tv_series,2016,,,,tt5189554,66203,
Disney+,312428,Bear in the Big Blue House,tv_series,1997,,,,tt0173664,207,
Disney+,3186375,Daredevil: Born Again,tv_series,2025,,,,tt18923754,202555,
Disney+,150807,Big Hero 6,movie,2014,,,,tt2245084,177572,
Disney+,3112006,Steven Universe,tv_series,2013,,,,tt3061046,61175,
Disney+,322066,Chopped,tv_series,2007,,,,tt1353281,17404,
Disney+,3153801,The Mandalorian,tv_series,2019,,,,tt8111088,82856,
Disney+,327970,Daredevil,tv_series,2015,,,,tt3322312,61889,
Disney+,395274,Pretty Little Liars,tv_series,2010,,,,tt1578873,31917,
Disney+,3243920,Medalist,tv_series,2025,,,,tt33310730,237529,
Disney+,340566,Family Matters,tv_series,1989,,,,tt0096579,2685,
Disney+,354832,How to Get Away with Murder,tv_series,2014,,,,tt3205802,61056,
Disney+,3108291,Skins,tv_series,2007,,,,tt0840196,900,
Disney+,1806067,Ready or Not: Here I Come,movie,2026,,,,tt33978029,1266127,
Disney+,1438467,Toy Story 2,movie,1999,,,,tt0120363,863,
Disney+,1302003,Pirates of the Caribbean: The Curse of the Black Pearl,movie,2003,,,,tt0325980,22,
Disney+,3118053,That's So Raven,tv_series,2003,,,,tt0300865,4602,
Disney+,3103805,Saving Hope,tv_series,2012,,,,tt1954804,43097,
Disney+,1259801,"Monsters, Inc.",movie,2001,,,,tt0198781,585,
Disney+,373453,M*A*S*H,tv_series,1972,,,,tt0068098,918,
Disney+,3102676,Sabrina the Teenage Witch,tv_series,1996,,,,tt0115341,605,
Disney+,3147060,Yu-Gi-Oh! GX,tv_series,2004,,,,tt0493334,12536,
Disney+,332034,"Diners, Drive-ins and Dives",tv_series,2006,,,,tt1020913,4086,
Disney+,3126864,The O.C.,tv_series,2003,,,,tt0362359,2673,
Disney+,313674,Bewitched,tv_series,1964,,,,tt0057733,4482,
Disney+,3158249,Loki,tv_series,2021,,,,tt9140554,84958,
Disney+,354720,How It's Made,tv_series,2001,,,,tt0835010,1749,
Disney+,1387349,The Devil Wears Prada,movie,2006,,,,tt0458352,350,
Disney+,3144350,Will & Grace,tv_series,1998,,,,tt0157246,4454,
Disney+,397827,Raising Hope,tv_series,2010,,,,tt1615919,32815,
Disney+,382640,MythBusters,tv_series,2003,,,,tt0383126,1428,
Disney+,3175425,Spidey and His Amazing Friends,tv_series,2021,,,,tt10862280,127635,
Disney+,37566,Angel,tv_series,1999,,,,tt0162065,2426,
Disney+,1450054,Avengers: Endgame,movie,2019,,,,tt4154796,299534,
Disney+,378107,Mickey Mouse Clubhouse,tv_series,2006,,,,tt0784896,3934,
Disney+,3124683,The Killing,tv_series,2011,,,,tt1637727,34415,
Disney+,3222765,Go! Go! Loser Ranger!,tv_series,2024,,,,tt28082379,215799,
Disney+,3172277,Mob Psycho 100,tv_series,2016,,,,tt5897304,67075,
Disney+,3182004,The Eminence in Shadow,tv_series,2022,,,,tt14115938,119495,
Disney+,3188343,Will Trent,tv_series,2023,,,,tt17543592,208569,
Disney+,36912,American Pickers,tv_series,2010,,,,tt1596786,32025,
Disney+,3165108,"Welcome to Demon-School, Iruma-kun",tv_series,2019,,,,tt11034066,91801,
Disney+,3109227,Sofia the First,tv_series,2012,,,,tt2136138,46928,
Disney+,361778,Justified,tv_series,2010,,,,tt1489428,1436,
Disney+,3143658,White Collar,tv_series,2009,,,,tt1358522,21510,
Disney+,3159069,Andor,tv_series,2022,,,,tt9253284,83867,
Disney+,332123,Dinosaurs,tv_series,1991,,,,tt0101081,3763,
Disney+,138099,Avengers: Age of Ultron,movie,2015,,,,tt2395427,99861,
Disney+,3129647,The Strain,tv_series,2014,,,,tt2654620,47640,
Disney+,3217677,Paradise,tv_series,2025,,,,tt27444205,245927,
Disney+,3168100,Big Sky,tv_series,2020,,,,tt11794642,100010,
Disney+,1357314,Spider-Man: Far From Home,movie,2019,,,,tt6320628,429617,
Disney+,388699,One Punch Man,tv_series,2015,,,,tt4508902,63926,
Disney+,3147997,Zorro,tv_series,1957,,,,tt0050079,4681,
Disney+,3106471,Sherlock,tv_series,2010,,,,tt1475582,19885,
Disney+,3106072,Shadowhunters,tv_series,2016,,,,tt4145054,63210,
Disney+,3106168,Shameless,tv_series,2004,,,,tt0377260,1906,
Disney+,1593277,The Fantastic 4: First Steps,movie,2025,,,,tt10676052,617126,
Disney+,31329,30 Rock,tv_series,2006,,,,tt0496424,4608,
Disney+,3182029,Hell's Paradise,tv_series,2023,,,,tt13911284,117465,
Disney+,3123000,The Golden Girls,tv_series,1985,,,,tt0088526,1678,
Disney+,322947,Clarence,tv_series,2013,,,,tt3061050,50035,
Disney+,363881,Kim Possible,tv_series,2002,,,,tt0278866,2345,
Disney+,3188019,Oshi No Ko,tv_series,2023,,,,tt21030032,203737,
Disney+,366034,L.A. Law,tv_series,1986,,,,tt0090466,732,
Disney+,350364,Hannah Montana,tv_series,2006,,,,tt0493093,4610,
Disney+,3175847,The Great,tv_series,2020,,,,tt2235759,93812,
Disney+,367520,Lab Rats,tv_series,2012,,,,tt1991564,38867,
Disney+,3176004,The Promised Neverland,tv_series,2019,,,,tt8788458,83097,
Disney+,1428374,The Wolf of Wall Street,movie,2013,,,,tt0993846,106646,
Disney+,1937178,Brothers Under Fire,movie,2026,,,,tt32394984,1414413,
Disney+,36695,America's Next Top Model,tv_series,2003,,,,tt0363307,331,
Disney+,3212158,Dandadan,tv_series,2024,,,,tt30217403,240411,
Disney+,329246,Deadliest Catch,tv_series,2005,,,,tt0446809,2612,
Disney+,317984,Burn Notice,tv_series,2007,,,,tt0810788,2919,
Disney+,194978,Death on the Nile,movie,2022,,,,tt7657566,505026,
Disney+,3177403,My Next Life as a Villainess: All Routes Lead to Doom!,tv_series,2020,,,,tt11821792,94904,
Disney+,395602,Private Practice,tv_series,2007,,,,tt0972412,3172,
Disney+,1692869,Inside Out 2,movie,2024,,,,tt22022452,1022789,
Disney+,3158035,The Masked Singer,tv_series,2019,,,,tt7670568,84910,
Disney+,1633704,Captain America: Brave New World,movie,2025,,,,tt14513804,822119,
Disney+,325754,Craig of the Creek,tv_series,2017,,,,tt7713450,79061,
Disney+,3181802,Summer Time Rendering,tv_series,2022,,,,tt15686254,117933,
Disney+,39812,Attack on Titan,tv_series,2013,,,,tt2560140,1429,
Disney+,3143447,Wheel of Fortune,tv_series,1983,,,,tt0072584,2778,
Disney+,3163451,Kenichi: The Mightiest Disciple,tv_series,2006,,,,tt1424037,37585,
Disney+,348002,Good Luck Charlie,tv_series,2010,,,,tt1415889,21641,
Disney+,35860,All Saints,tv_series,1998,,,,tt0163924,2167,
Disney+,3111780,Station 19,tv_series,2018,,,,tt7053188,76773,
Disney+,360356,Jessie,tv_series,2011,,,,tt1865769,38974,
Disney+,328558,Dawson's Creek,tv_series,1998,,,,tt0118300,2327,
Disney+,380214,Moonlighting,tv_series,1985,,,,tt0088571,1998,
Disney+,3145753,X-Men,tv_series,1992,,,,tt0103584,4574,
Disney+,3118752,The Americans,tv_series,2013,,,,tt2149175,46533,
Disney+,3131350,The Wonder Years,tv_series,1988,,,,tt0094582,4500,
Disney+,1376729,The Amazing Spider-Man,movie,2012,,,,tt0948470,1930,
Disney+,3108965,Snowfall,tv_series,2017,,,,tt6439752,71694,
Disney+,1359310,Star Wars: The Last Jedi,movie,2017,,,,tt2527336,181808,
Disney+,1357316,Spider-Man: Homecoming,movie,2017,,,,tt2250912,315635,
Disney+,314809,Black Butler,tv_series,2008,,,,tt1316554,50712,
Disney+,3114124,Superstore,tv_series,2015,,,,tt4477976,62649,
Disney+,1184041,Inside Out,movie,2015,,,,tt2096673,150540,
Disney+,3159357,Amphibia,tv_series,2019,,,,tt8050740,85349,
Disney+,1460254,WALL·E,movie,2008,,,,tt0910970,10681,
Disney+,3126020,The Mindy Project,tv_series,2012,,,,tt2211129,44857,
Disney+,392151,Pepper Ann,tv_series,1997,,,,tt0128890,4568,
Disney+,38608,Archer,tv_series,2009,,,,tt1486217,10283,
Disney+,3173624,Yu-Gi-Oh! 5D's,tv_series,2008,,,,tt1196094,20695,
Disney+,370156,Lie to Me,tv_series,2009,,,,tt1235099,8358,
Disney+,3163407,Love Island USA,tv_series,2019,,,,tt8819906,90521,
Disney+,34728,Agatha Christie's Marple,tv_series,2004,,,,tt1734537,6127,
Disney+,3111472,Star Wars: Rebels,tv_series,2014,,,,tt2930604,60554,
Disney+,3114754,Sword Art Online,tv_series,2012,,,,tt2250192,45782,
Disney+,327635,Dance Moms,tv_series,2011,,,,tt1991410,40026,
Disney+,3129734,The Suite Life of Zack & Cody,tv_series,2005,,,,tt0426371,4605,
Disney+,376144,MasterChef,tv_series,2010,,,,tt1694423,40290,
Disney+,3155995,What We Do in the Shadows,tv_series,2019,,,,tt7908628,83631,
Disney+,3106263,Shark Tank,tv_series,2009,,,,tt1442550,30703,
Disney+,3162826,9-1-1: Lone Star,tv_series,2020,,,,tt10323338,89393,
Disney+,3163604,All Rise,tv_series,2019,,,,tt10329042,90872,
Disney+,344049,Fresh Off the Boat,tv_series,2015,,,,tt3551096,61692,
Disney+,1403455,The Lion King,movie,1994,,,,tt0110357,8587,
Max,3165325,House of the Dragon,tv_series,2022,,,,tt11198330,94997,
Max,3100109,Rick and Morty,tv_series,2013,,,,tt2861424,60625,
Max,345534,Game of Thrones,tv_series,2011,,,,tt0944947,1399,
Max,11124816,Based on the Original Night of the Living Dead,movie,2026,,,,tt33296064,1645603,
Max,1832369,Lee Cronin's The Mummy,movie,2026,,,,tt32612507,1304313,
Max,3129354,The Sopranos,tv_series,1999,,,,tt0141842,1398,
Max,3159756,Euphoria,tv_series,2019,,,,tt8772296,85552,
Max,3105641,Sesame Street,tv_series,1969,,,,tt0063951,502,
Max,3130654,The Vampire Diaries,tv_series,2009,,,,tt1405406,18165,
Max,344177,Friends,tv_series,1994,,,,tt0108778,1668,
Max,3117041,Teen Titans Go!,tv_series,2013,,,,tt2771780,45140,
Max,388725,One Tree Hill,tv_series,2003,,,,tt0368530,269,
Max,3104048,Schitt's Creek,tv_series,2015,,,,tt3526078,61662,
Max,34347,Adventure Time,tv_series,2010,,,,tt1305826,15260,
Max,3222269,The Pitt,tv_series,2025,,,,tt31938062,250307,
Max,390217,Oz,tv_series,1997,,,,tt0118421,3322,
Max,398556,Real Time with Bill Maher,tv_series,2003,,,,tt0350448,4419,
Max,3146819,Young Sheldon,tv_series,2017,,,,tt6226232,71728,
Max,348243,Gossip Girl,tv_series,2007,,,,tt0397442,1395,
Max,3107530,Silicon Valley,tv_series,2014,,,,tt2575988,60573,
Max,3131149,The West Wing,tv_series,1999,,,,tt0200276,688,
Max,373995,Mad Men,tv_series,2007,,,,tt0804503,1104,
Max,1637385,Greenland 2: Migration,movie,2026,,,,tt14850054,840464,
Max,335115,ER,tv_series,1994,,,,tt0108757,4588,
Max,1615221,Evil Dead Rise,movie,2023,,,,tt13345606,713704,
Max,326677,Curb Your Enthusiasm,tv_series,2000,,,,tt0264235,4546,
Max,1404363,The Lord of the Rings: The Return of the King,movie,2003,,,,tt0167260,122,
Max,3135535,True Detective,tv_series,2014,,,,tt2356777,46648,
Max,1386160,The Dark Knight,movie,2008,,,,tt0468569,155,
Max,541722,The White Lotus,tv_series,2021,,,,tt13406094,111803,
Max,346682,Ghost Adventures,tv_series,2008,,,,tt1319900,17937,
Max,3146794,Young Justice,tv_series,2010,,,,tt1641384,33217,
Max,1496273,Dune,movie,2021,,,,tt1160419,438631,
Max,3119408,The Big Bang Theory,tv_series,2007,,,,tt0898266,1418,
Max,3131293,The Wire,tv_series,2002,,,,tt0306414,1438,
Max,347786,Gold Rush,tv_series,2010,,,,tt1800864,34634,
Max,3189460,Yalı Çapkını,tv_series,2022,,,,tt21105088,210865,
Max,329680,Degrassi: The Next Generation,tv_series,2001,,,,tt0288937,1948,
Max,3174612,Hacks,tv_series,2021,,,,tt11815682,124101,
Max,519834,The Pacific,tv_miniseries,2010,,,,tt0374463,16997,
Max,1543522,Spider-Man: Across the Spider-Verse,movie,2023,,,,tt9362722,569094,
Max,311767,Banshee,tv_series,2013,,,,tt2017109,41727,
Max,1564613,The Last of Us,tv_series,2023,,,,tt3581920,100088,
Max,3165345,Superman & Lois,tv_series,2021,,,,tt11192306,95057,
Max,1159480,Harry Potter and the Philosopher's Stone,movie,2001,,,,tt0241527,671,
Max,338086,Entourage,tv_series,2004,,,,tt0387199,1940,
Max,3194539,My Adventures with Superman,tv_series,2023,,,,tt14681924,125928,
Max,1126676,Evil Dead,movie,2013,,,,tt1288558,109428,
Max,3135512,True Blood,tv_series,2008,,,,tt0844441,10545,
Max,1532981,The Batman,movie,2022,,,,tt1877830,414906,
Max,368210,Last Week Tonight with John Oliver,tv_series,2014,,,,tt3530232,60694,
Max,3100737,Robot Chicken,tv_series,2005,,,,tt0437745,709,
Max,3105857,Sex and the City,tv_series,1998,,,,tt0159206,105,
Max,3179550,The Cleaning Lady,tv_series,2022,,,,tt11188682,125282,
Max,322066,Chopped,tv_series,2007,,,,tt1353281,17404,
Max,395274,Pretty Little Liars,tv_series,2010,,,,tt1578873,31917,
Max,1703330,Superman,movie,2025,,,,tt5950044,1061474,
Max,1687959,A Minecraft Movie,movie,2025,,,,tt3566834,950387,
Max,4145833,The Flight Attendant,tv_series,2020,,,,tt7569576,93287,
Max,335302,Eastbound & Down,tv_series,2009,,,,tt0866442,8624,
Max,1404362,The Lord of the Rings: The Fellowship of the Ring,movie,2001,,,,tt0120737,120,
Max,3171025,Peacemaker,tv_series,2022,,,,tt13146488,110492,
Max,3286071,Madam Beja,tv_series,2026,,,,tt27542951,152401,
Max,332034,"Diners, Drive-ins and Dives",tv_series,2006,,,,tt1020913,4086,
Max,314163,Big Love,tv_series,2006,,,,tt0421030,4392,
Max,3126864,The O.C.,tv_series,2003,,,,tt0362359,2673,
Max,354720,How It's Made,tv_series,2001,,,,tt0835010,1749,
Max,382640,MythBusters,tv_series,2003,,,,tt0383126,1428,
Max,1644435,Dune: Part Two,movie,2024,,,,tt15239678,693134,
Max,199607,Despicable Me,movie,2010,,,,tt1323594,20352,
Max,1404364,The Lord of the Rings: The Two Towers,movie,2002,,,,tt0167261,121,
Max,1357583,Spirited Away,movie,2001,,,,tt0245429,129,
Max,3229330,A Knight of the Seven Kingdoms,tv_series,2026,,,,tt27497448,224372,
Max,32420,A Haunting,tv_series,2005,,,,tt0484243,4038,
Max,3113204,Succession,tv_series,2018,,,,tt7660850,76331,
Max,1696244,The Conjuring: Last Rites,movie,2025,,,,tt22898462,1038392,
Max,1783110,Sinners,movie,2025,,,,tt31193180,1233413,
Max,3119803,The Boondocks,tv_series,2005,,,,tt0373732,2604,
Max,1926317,Ne Zha 2,movie,2025,,,,tt34956443,980477,
Max,56244,FLCL,tv_miniseries,2000,,,,tt0279077,5895,
Max,329246,Deadliest Catch,tv_series,2005,,,,tt0446809,2612,
Max,1384594,The Conjuring,movie,2013,,,,tt1457767,138843,
Max,3184877,IT: Welcome to Derry,tv_series,2025,,,,tt19244304,200875,
Max,537712,Chernobyl,tv_miniseries,2019,,,,tt7366338,87108,
Max,325754,Craig of the Creek,tv_series,2017,,,,tt7713450,79061,
Max,315551,Boardwalk Empire,tv_series,2010,,,,tt0979432,1621,
Max,3177152,The Sex Lives of College Girls,tv_series,2021,,,,tt11212276,134373,
Max,3257241,Paul American,tv_series,2025,,,,tt35635261,283393,
Max,38492,Aqua Teen Hunger Force,tv_series,2000,,,,tt0297494,251,
Max,4145185,Industry,tv_series,2020,,,,tt7671070,90812,
Max,3158669,The Righteous Gemstones,tv_series,2019,,,,tt8634332,82782,
Max,1193690,Joker,movie,2019,,,,tt7286456,475557,
Max,3189760,García!,tv_series,2022,,,,tt14599306,125118,
Max,1674882,The Substance,movie,2024,,,,tt17526714,933260,
Max,3163604,All Rise,tv_series,2019,,,,tt10329042,90872,
Max,312128,Batman: The Animated Series,tv_series,1992,,,,tt0103359,2098,
Max,358040,Insecure,tv_series,2016,,,,tt5024912,67883,
Max,1159476,Harry Potter and the Goblet of Fire,movie,2005,,,,tt0330373,674,
Max,1683228,Godzilla X Kong: The New Empire,movie,2024,,,,tt14539740,823464,
Max,1561260,Aquaman and the Lost Kingdom,movie,2023,,,,tt9663764,572802,
Max,3133089,Titans,tv_series,2018,,,,tt1043813,75450,
Max,329319,Deadwood,tv_series,2004,,,,tt0348914,1406,
Max,3249486,Chespirito: Not Really on Purpose,tv_series,2025,,,,tt34755671,279060,
Max,3154479,Harley Quinn,tv_series,2019,,,,tt7658402,74440,
Max,381872,My Brilliant Friend,tv_series,2018,,,,tt7278862,78154,
Max,1163858,Hereditary,movie,2018,,,,tt7784604,493922,
Max,3114041,Superman: The Animated Series,tv_series,1996,,,,tt0115378,4303,
Max,1567833,Final Destination: Bloodlines,movie,2025,,,,tt9619824,574475,
Max,144341,Batman Begins,movie,2005,,,,tt0372784,272,
Max,1841518,Marty Supreme,movie,2025,,,,tt32916440,1317288,
Max,3126703,The Newsroom,tv_series,2012,,,,tt1870479,15621,
Max,3281132,Song of the Samurai,tv_series,2026,,,,tt39387632,302162,
Max,1787904,One Battle After Another,movie,2025,,,,tt30144839,1054867,
Max,1583831,Meg 2: The Trench,movie,2023,,,,tt9224104,615656,
Max,1993421,Undertone,movie,2025,,,,tt35892608,1480387,
Max,1581343,Tokyo Vice,tv_series,2022,,,,tt2887954,90296,
Max,38790,Arli$$,tv_series,1996,,,,tt0115101,172,
Max,52048,Band of Brothers,tv_miniseries,2001,,,,tt0185906,4613,
Max,3179719,Abbott Elementary,tv_series,2021,,,,tt14218830,125935,
Max,3168948,Looney Tunes Cartoons,tv_series,2019,,,,tt8543208,102321,
Max,1159475,Harry Potter and the Deathly Hallows: Part 2,movie,2011,,,,tt1201607,12445,
Max,3108093,Six Feet Under,tv_series,2001,,,,tt0248654,1274,
Max,3139477,Veep,tv_series,2012,,,,tt1759761,2947,
Max,1840687,Wuthering Heights,movie,2026,,,,tt32897959,1316092,
Max,3180895,Batwheels,tv_series,2022,,,,tt13292830,155780,
Max,357367,In Treatment,tv_series,2008,,,,tt0835434,14069,
Max,1547000,How to Make a Killing,movie,2026,,,,tt4357198,467905,
Max,333481,Doom Patrol,tv_series,2019,,,,tt8416494,79501,
Max,1504520,Black Adam,movie,2022,,,,tt6443346,436270,
Max,1384595,The Conjuring 2,movie,2016,,,,tt3065204,259693,
Max,312129,Batman: The Brave and the Bold,tv_series,2008,,,,tt1213218,15804,
Max,3101216,Rome,tv_series,2005,,,,tt0384766,1891,
Max,3162868,Nancy Drew,tv_series,2019,,,,tt10313176,89572,
Max,3285554,Heated Rivalry,tv_series,2025,,,,tt35495073,301507,
Max,143379,Barbie,movie,2023,,,,tt1517268,346698,
Max,1159474,Harry Potter and the Deathly Hallows: Part 1,movie,2010,,,,tt0926084,12444,
Max,1389832,The Evil Dead,movie,1981,,,,tt0083907,764,
Max,3167053,Walker,tv_series,2021,,,,tt11006642,99121,
Max,3142025,Warrior,tv_series,2019,,,,tt5743796,73544,
Max,1408503,The Mummy,movie,1999,,,,tt0120616,564,
Max,1171478,Howl's Moving Castle,movie,2004,,,,tt0347149,4935,
Max,1159477,Harry Potter and the Half-Blood Prince,movie,2009,,,,tt0417741,767,
Max,311541,Ballers,tv_series,2015,,,,tt2891574,62704,
Max,1477459,Your Name.,movie,2016,,,,tt5311514,372058,
Max,3124845,The Larry Sanders Show,tv_series,1992,,,,tt0103466,1915,
Max,347890,Gomorrah,tv_series,2014,,,,tt2049116,61068,
Max,1240624,Madagascar 3: Europe's Most Wanted,movie,2012,,,,tt1277953,80321,
Max,194188,Deadpool 2,movie,2018,,,,tt5463162,383498,
Max,3111540,Stargirl,tv_series,2020,,,,tt8722888,80986,
Max,12321,2001: A Space Odyssey,movie,1968,,,,tt0062622,62,
Max,1397222,The Hobbit: An Unexpected Journey,movie,2012,,,,tt0903624,49051,
Max,1397223,The Hobbit: The Battle of the Five Armies,movie,2014,,,,tt2310332,122917,
Max,1386163,The Dark Knight Rises,movie,2012,,,,tt1345836,49026,
Max,1176753,Ice Age: Continental Drift,movie,2012,,,,tt1667889,57800,
Max,1159478,Harry Potter and the Order of the Phoenix,movie,2007,,,,tt0373889,675,
Max,1892952,Weapons,movie,2025,,,,tt26581740,1078605,
Max,355587,I (Almost) Got Away with It,tv_series,2010,,,,tt1420152,41552,
Max,3185566,Adventure Time: Fionna & Cake,tv_series,2023,,,,tt15248880,131378,
Max,3108008,Sister Wives,tv_series,2010,,,,tt1721666,34045,
Max,171488,Charlie and the Chocolate Factory,movie,2005,,,,tt0367594,118,
Max,3179976,We Baby Bears,tv_series,2022,,,,tt13303478,117030,
Max,1625605,Furiosa: A Mad Max Saga,movie,2024,,,,tt12037194,786892,
Max,347110,Girls,tv_series,2012,,,,tt1723816,42282,
Max,1422901,The Terminator,movie,1984,,,,tt0088247,218,
Max,144358,Batman v Superman: Dawn of Justice,movie,2016,,,,tt2975590,209112,
Max,1496510,The Suicide Squad,movie,2021,,,,tt6334354,436969,
Max,535884,His Dark Materials,tv_series,2019,,,,tt5607976,68507,
Max,1612493,Zack Snyder's Justice League,movie,2021,,,,tt12361974,791373,
Max,3134314,Totally Spies!,tv_series,2001,,,,tt0283226,2808,
Max,1397224,The Hobbit: The Desolation of Smaug,movie,2013,,,,tt1170358,57158,
Max,3164049,Prodigal Son,tv_series,2019,,,,tt10327354,91875,
Max,319907,Carnivàle,tv_series,2003,,,,tt0319969,185,
Max,1308160,Princess Mononoke,movie,1997,,,,tt0119698,128,
Max,383470,Naked Attraction,tv_series,2016,,,,tt5969074,67385,
Max,1389628,The Equalizer,movie,2014,,,,tt0455944,156022,
Max,3176521,Jellystone,tv_series,2021,,,,tt11198220,128071,
Max,1538533,Ballerina,movie,2025,,,,tt7181546,541671,
Max,1266369,My Neighbor Totoro,movie,1988,,,,tt0096283,8392,
Max,1244463,Man of Steel,movie,2013,,,,tt0770828,49521,
Max,1824485,They Will Kill You,movie,2026,,,,tt31728330,1292695,
Max,1317301,Ready Player One,movie,2018,,,,tt1677720,333339,
Max,311979,Barry,tv_series,2018,,,,tt5348176,73107,
Max,3163191,Dune: Prophecy,tv_series,2024,,,,tt10466872,90228,
Max,1559743,Mortal Kombat,movie,2021,,,,tt0293429,460465,
Max,3121411,The Deuce,tv_series,2017,,,,tt4998350,65817,
Max,3124734,The Kitchen,tv_series,2014,,,,tt3475084,62128,
Max,1193411,John Wick: Chapter 2,movie,2017,,,,tt4425200,324552,
Max,1653388,Mickey 17,movie,2025,,,,tt12299608,696506,
Max,390143,Overhaulin',tv_series,2004,,,,tt0408409,1754,
Max,312124,Batman Beyond,tv_series,1999,,,,tt0147746,513,
Max,1209560,Kung Fu Panda 2,movie,2011,,,,tt1302011,49444,
Max,3176806,AEW Rampage,tv_series,2021,,,,tt14738480,126997,
Max,1129885,Fantastic Beasts and Where to Find Them,movie,2016,,,,tt3183660,259316,
Max,1309360,Prometheus,movie,2012,,,,tt1446714,70981,
Max,3154867,The Gilded Age,tv_series,2022,,,,tt4406178,81723,
Max,1529898,The Brutalist,movie,2024,,,,tt8999762,549509,
Max,3140002,Vice Principals,tv_series,2016,,,,tt3766376,65150,
Max,1495244,The Conjuring: The Devil Made Me Do It,movie,2021,,,,tt7069210,423108,
Max,1880459,Eddington,movie,2025,,,,tt31176520,648878,
Max,1408508,The Mummy Returns,movie,2001,,,,tt0209163,1734,
Max,514615,Planet Earth,tv_miniseries,2006,,,,tt0795176,1044,
Max,1407015,The Meg,movie,2018,,,,tt4779682,345940,
Max,1681576,The Equalizer 3,movie,2023,,,,tt17024450,926393,
Max,1550362,Greenland,movie,2020,,,,tt7737786,524047,
Max,3159670,The Other Two,tv_series,2019,,,,tt8310612,85519,
Max,1159473,Harry Potter and the Chamber of Secrets,movie,2002,,,,tt0295297,672,
Max,3202150,Lazarus,tv_series,2025,,,,tt28454008,231003,
Max,3119756,The Bold Type,tv_series,2017,,,,tt6116060,69630,
Max,383503,Naked and Afraid,tv_series,2013,,,,tt3007640,58832,
Max,1425581,The Usual Suspects,movie,1995,,,,tt0114814,629,
Max,1418734,The Shape of Water,movie,2017,,,,tt5580390,399055,
Max,1150103,Godzilla: King of the Monsters,movie,2019,,,,tt3741700,373571,
Max,355223,Hung,tv_series,2009,,,,tt1229413,18614,
Max,3159624,Justice League Unlimited,tv_series,2004,,,,tt6025022,84200,
Max,3172023,True Beauty,tv_series,2020,,,,tt13274038,112888,
Max,3186480,Scavengers Reign,tv_miniseries,2023,,,,tt21056886,204154,
Max,1855746,Babygirl,movie,2024,,,,tt30057084,1097549,
Max,1193409,John Wick,movie,2014,,,,tt2911666,245891,
Max,1587852,The Long Walk,movie,2025,,,,tt10374610,604079,
Max,1389629,The Equalizer 2,movie,2018,,,,tt3766354,345887,
Max,132421,Aquaman,movie,2018,,,,tt1477834,297802,
Max,1229530,Life of Pi,movie,2012,,,,tt0454876,87827,
Max,133636,Army of Darkness,movie,1992,,,,tt0106308,766,
Max,1579870,John Wick: Chapter 4,movie,2023,,,,tt10366206,603692,
Max,3143456,Wheeler Dealers,tv_series,2003,,,,tt1549918,10710,
Max,1416479,The Rock,movie,1996,,,,tt0117500,9802,
Max,1484247,Midsommar,movie,2019,,,,tt8772262,530385,
Max,1299118,Perfect Blue,movie,1997,,,,tt0156887,10494,
Max,1311257,Puss in Boots,movie,2011,,,,tt0448694,417859,
Max,1727260,Bring Her Back,movie,2025,,,,tt32246771,1151031,
Max,181495,Constantine,movie,2005,,,,tt0360486,561,
Max,1461946,War for the Planet of the Apes,movie,2017,,,,tt3450958,281338,
Max,3183247,The Penguin,tv_miniseries,2024,,,,tt15435876,194764,
Max,543096,And Just Like That...,tv_series,2021,,,,tt13819960,116450,
Max,1159479,Harry Potter and the Prisoner of Azkaban,movie,2004,,,,tt0304141,673,
Max,1633813,Flow,movie,2024,,,,tt4772188,823219,
Max,312461,Beat Bobby Flay,tv_series,2013,,,,tt3205302,62481,
Max,168295,Casablanca,movie,1942,,,,tt0034583,289,
Max,3155169,Salvage Hunters,tv_series,2011,,,,tt2223298,45303,
Max,1219440,Lady Bird,movie,2017,,,,tt4925292,391713,
Max,1164852,Hidden Figures,movie,2016,,,,tt4846340,381284,
Max,357117,Impractical Jokers,tv_series,2011,,,,tt2100976,59186,
Max,358817,Iron Chef America: The Series,tv_series,2004,,,,tt0441718,4360,
Max,3165148,The Outsider,tv_miniseries,2020,,,,tt8550800,84661,
Max,371037,"Little People, Big World",tv_series,2006,,,,tt0782374,330,
Max,1203810,Kiki's Delivery Service,movie,1989,,,,tt0097814,16859,
Max,311872,Barefoot Contessa,tv_series,2002,,,,tt0783322,4410,
Max,3119186,The Batman,tv_series,2004,,,,tt0398417,2022,
Max,122082,Alien: Covenant,movie,2017,,,,tt2316204,126889,
Max,1733289,The Bride!,movie,2026,,,,tt30851137,1159831,
Amazon Prime Video,1611652,Project Hail Mary,movie,2026,,,,tt12042730,687163,
Amazon Prime Video,4158363,Silo,tv_series,2023,,,,tt14688458,125988,
Amazon Prime Video,3114077,Supernatural,tv_series,2005,,,,tt0460681,1622,
Amazon Prime Video,326122,Criminal Minds,tv_series,2005,,,,tt0452046,4057,
Amazon Prime Video,325226,Coronation Street,tv_series,1960,,,,tt0053494,291,
Amazon Prime Video,3119872,The Boys,tv_series,2019,,,,tt1190634,76479,
Amazon Prime Video,354497,House,tv_series,2004,,,,tt0412142,1408,
Amazon Prime Video,332865,Doctor Who,tv_series,2005,,,,tt0436992,57243,
Amazon Prime Video,1844474,The Banished,movie,2024,,,,tt33050521,1321491,
Amazon Prime Video,378226,Midsomer Murders,tv_series,1997,,,,tt0118401,764,
Amazon Prime Video,315901,Bones,tv_series,2005,,,,tt0460627,1911,
Amazon Prime Video,3238619,Off Campus,tv_series,2026,,,,tt33546863,273240,
Amazon Prime Video,362394,Kamen Rider,tv_series,1971,,,,tt0156214,2661,
Amazon Prime Video,1965654,Forgive Us All,movie,2025,,,,tt31830814,1443894,
Amazon Prime Video,376230,Match Game,tv_series,1973,,,,tt0069608,9,
Amazon Prime Video,343791,Frasier,tv_series,1993,,,,tt0106004,3452,
Amazon Prime Video,390275,PAW Patrol,tv_series,2013,,,,tt3121722,57532,
Amazon Prime Video,11125148,Boulevard,movie,2026,,,,tt38235625,1595852,
Amazon Prime Video,1830382,The Sheep Detectives,movie,2026,,,,tt32565993,1301421,
Amazon Prime Video,392149,Peppa Pig,tv_series,2004,,,,tt0426769,12225,
Amazon Prime Video,3165932,Pokémon,tv_series,1997,,,,tt0168366,60572,
Amazon Prime Video,311898,Bargain Hunt,tv_series,2000,,,,tt0283172,1265,
Amazon Prime Video,3170425,JUJUTSU KAISEN,tv_series,2020,,,,tt12343534,95479,
Amazon Prime Video,330554,Desperate Housewives,tv_series,2004,,,,tt0410975,693,
Amazon Prime Video,3213685,Ride or Die,tv_series,2026,,,,tt30494226,241882,
Amazon Prime Video,3180045,Reacher,tv_series,2022,,,,tt9288030,108978,
Amazon Prime Video,353377,Hollyoaks,tv_series,1995,,,,tt0112004,966,
Amazon Prime Video,392335,Perry Mason,tv_series,1957,,,,tt0050051,4177,
Amazon Prime Video,3111534,Stargate SG-1,tv_series,1997,,,,tt0118480,4629,
Amazon Prime Video,324497,Conan,tv_series,2010,,,,tt1637574,32415,
Amazon Prime Video,321720,Chicago P.D.,tv_series,2014,,,,tt2805096,58841,
Amazon Prime Video,3104048,Schitt's Creek,tv_series,2015,,,,tt3526078,61662,
Amazon Prime Video,1884609,Tom Clancy's Jack Ryan: Ghost War,movie,2026,,,,tt34378301,1380291,
Amazon Prime Video,329438,Death in Paradise,tv_series,2011,,,,tt1888075,41956,
Amazon Prime Video,315402,Blue Bloods,tv_series,2010,,,,tt1595859,32692,
Amazon Prime Video,348965,Grimm,tv_series,2011,,,,tt1830617,39351,
Amazon Prime Video,383672,Naruto,tv_series,2002,,,,tt0409591,46260,
Amazon Prime Video,355269,Hunter x Hunter,tv_series,2011,,,,tt2098220,46298,
Amazon Prime Video,3160194,The Chosen,tv_series,2017,,,,tt5622316,85077,
Amazon Prime Video,323900,Columbo,tv_series,1971,,,,tt1466074,873,
Amazon Prime Video,320296,Castle,tv_series,2009,,,,tt1219024,1419,
Amazon Prime Video,375761,Married... with Children,tv_series,1987,,,,tt0092400,4239,
Amazon Prime Video,390013,Outlander,tv_series,2014,,,,tt3006802,56570,
Amazon Prime Video,3103650,Saturday Night Live,tv_series,1975,,,,tt0072562,1667,
Amazon Prime Video,3133711,Tomorrow Is Ours,tv_series,2017,,,,tt7124904,72879,
Amazon Prime Video,1526285,Invincible,tv_series,2021,,,,tt6741278,95557,
Amazon Prime Video,3174087,American Horror Story,tv_series,2011,,,,tt1844624,1413,
Amazon Prime Video,11087609,Revenge,movie,2026,,,,tt37989803,1613798,
Amazon Prime Video,321283,Charmed,tv_series,1998,,,,tt0158552,1981,
Amazon Prime Video,396192,Psych,tv_series,2006,,,,tt0491738,1447,
Amazon Prime Video,386370,Nova,tv_series,1974,,,,tt0206501,3562,
Amazon Prime Video,3122017,The Expanse,tv_series,2015,,,,tt3230854,63639,
Amazon Prime Video,392347,Person of Interest,tv_series,2011,,,,tt1839578,1411,
Amazon Prime Video,359487,JAG,tv_series,1995,,,,tt0112022,4376,
Amazon Prime Video,337124,Elementary,tv_series,2012,,,,tt2191671,1415,
Amazon Prime Video,346952,Gilmore Girls,tv_series,2000,,,,tt0238784,4586,
Amazon Prime Video,3101720,RuPaul's Drag Race,tv_series,2009,,,,tt1353056,8514,
Amazon Prime Video,3130374,The Tudors,tv_series,2007,,,,tt0758790,2942,
Amazon Prime Video,1250365,Meatballs,movie,1979,,,,tt0079540,14035,
Amazon Prime Video,3123119,The Graham Norton Show,tv_series,2007,,,,tt0924651,1220,
Amazon Prime Video,3117048,Teen Wolf,tv_series,2011,,,,tt1567432,34524,
Amazon Prime Video,339116,Everwood,tv_series,2002,,,,tt0318883,1950,
Amazon Prime Video,3108741,Smash,tv_series,2012,,,,tt1825133,39325,
Amazon Prime Video,35016,Air Crash Investigation,tv_series,2003,,,,tt0386950,90,
Amazon Prime Video,3194254,LEGO Ninjago: Dragons Rising,tv_series,2023,,,,tt27502465,212989,
Amazon Prime Video,3150201,Chronicles of the Sun,tv_series,2018,,,,tt8883922,81329,
Amazon Prime Video,360647,JoJo's Bizarre Adventure,tv_series,2012,,,,tt2359704,45790,
Amazon Prime Video,328040,Dark Shadows,tv_series,1966,,,,tt0059978,2883,
Amazon Prime Video,395285,Sailor Moon,tv_series,1992,,,,tt0103369,3570,
Amazon Prime Video,370998,Little House on the Prairie,tv_series,1974,,,,tt0071007,1781,
Amazon Prime Video,3128105,The Red Green Show,tv_series,1991,,,,tt0101177,2400,
Amazon Prime Video,3128322,The Rifleman,tv_series,1958,,,,tt0051308,13859,
Amazon Prime Video,3183229,The Summer I Turned Pretty,tv_series,2022,,,,tt14016500,194766,
Amazon Prime Video,346767,Ghost Whisperer,tv_series,2005,,,,tt0460644,1606,
Amazon Prime Video,3153808,Hot Ones,tv_series,2015,,,,tt6556992,72649,
Amazon Prime Video,37764,Animal Kingdom,tv_series,2016,,,,tt5574490,66025,
Amazon Prime Video,3126417,The Nanny,tv_series,1993,,,,tt0106080,2352,
Amazon Prime Video,323481,Coach,tv_series,1989,,,,tt0096560,2455,
Amazon Prime Video,327538,Damages,tv_series,2007,,,,tt0914387,4920,
Amazon Prime Video,373219,Lupin the Third Part 1,tv_series,1971,,,,tt0159175,31572,
Amazon Prime Video,3125932,The Middle,tv_series,2009,,,,tt1442464,1422,
Amazon Prime Video,3263460,The Westies,tv_series,2026,,,,tt31849235,286709,
Amazon Prime Video,1897521,Culpa Nuestra,movie,2025,,,,tt33311244,1156594,
Amazon Prime Video,3113927,Super Wings,tv_series,2015,,,,tt3600266,71026,
Amazon Prime Video,3147057,Yu-Gi-Oh! Arc-V,tv_series,2014,,,,tt3696476,67460,
Amazon Prime Video,316177,Bosch,tv_series,2014,,,,tt3502248,60585,
Amazon Prime Video,345739,Garfield and Friends,tv_series,1988,,,,tt0094469,4606,
Amazon Prime Video,398072,Ranma ½,tv_series,1989,,,,tt0096686,57706,
Amazon Prime Video,3157435,The Lord of the Rings: The Rings of Power,tv_series,2022,,,,tt7631058,84773,
Amazon Prime Video,314425,Billions,tv_series,2016,,,,tt4270492,62852,
Amazon Prime Video,368129,Lassie,tv_series,1954,,,,tt0046617,5368,
Amazon Prime Video,1731118,Your Fault,movie,2024,,,,tt28510079,1156593,
Amazon Prime Video,341127,Father Knows Best,tv_series,1954,,,,tt0046600,10118,
Amazon Prime Video,351613,Hell's Kitchen,tv_series,2005,,,,tt0437005,2370,
Amazon Prime Video,1700278,War of the Worlds,movie,2025,,,,tt13186306,755898,
Amazon Prime Video,1399101,The Intouchables,movie,2011,,,,tt1675434,77338,
Amazon Prime Video,326269,Crossing Jordan,tv_series,2001,,,,tt0284718,2406,
Amazon Prime Video,3170783,What's My Line?,tv_series,1950,,,,tt0042168,26663,
Amazon Prime Video,329415,Death Note,tv_series,2006,,,,tt0877057,13916,
Amazon Prime Video,1716317,My Fault,movie,2023,,,,tt21909764,1010581,
Amazon Prime Video,3119392,The Beverly Hillbillies,tv_series,1962,,,,tt0055662,1930,
Amazon Prime Video,398077,Ransom,tv_series,2017,,,,tt5809150,69309,
Amazon Prime Video,3133616,Jack Ryan,tv_series,2018,,,,tt5057054,73375,
Amazon Prime Video,329680,Degrassi: The Next Generation,tv_series,2001,,,,tt0288937,1948,
Amazon Prime Video,3111535,Stargate: Atlantis,tv_series,2004,,,,tt0374455,2290,
Amazon Prime Video,347876,Goliath,tv_series,2016,,,,tt4687880,67384,
Amazon Prime Video,1547086,Despicable Me 4,movie,2024,,,,tt7510222,519182,
Amazon Prime Video,3129060,The Shield,tv_series,2002,,,,tt0286486,1414,
Amazon Prime Video,358654,InuYasha,tv_series,2000,,,,tt0290223,35610,
Amazon Prime Video,37377,Ancient Aliens,tv_series,2009,,,,tt1643266,32608,
Amazon Prime Video,382197,My Little Pony: Friendship Is Magic,tv_series,2010,,,,tt1751105,33765,
Amazon Prime Video,1740944,Crime 101,movie,2026,,,,tt32430579,1171145,
Amazon Prime Video,392506,Peter Gunn,tv_series,1958,,,,tt0051301,10305,
Amazon Prime Video,332787,Doc McStuffins: Pet Rescue/Baby/Ultimate Safari/Arctic Rescue/Toy Hospital,tv_series,2012,,,,tt1710295,46262,
Amazon Prime Video,3172803,Ici tout commence,tv_series,2020,,,,tt13392064,112470,
Amazon Prime Video,332897,Doctor X,tv_series,2012,,,,tt2349912,46052,
Amazon Prime Video,385149,Night Court,tv_series,1984,,,,tt0086770,162,
Amazon Prime Video,1991188,Your Fault: London,movie,2026,,,,tt36958376,1477317,
Amazon Prime Video,3127019,The Originals,tv_series,2013,,,,tt2632424,46896,
Amazon Prime Video,3130946,The Waltons,tv_series,1972,,,,tt0068149,5021,
Amazon Prime Video,313701,Beyond Belief: Fact or Fiction,tv_series,1997,,,,tt0138956,12323,
Amazon Prime Video,3118485,The Adventures of Sherlock Holmes,tv_series,1984,,,,tt0086661,799,
Amazon Prime Video,1703330,Superman,movie,2025,,,,tt5950044,1061474,
Amazon Prime Video,3121602,The Donna Reed Show,tv_series,1958,,,,tt0051267,10649,
Amazon Prime Video,2650789,Mirzapur,tv_series,2018,,,,tt6473300,84105,
Amazon Prime Video,3109318,Soldier Soldier,tv_series,1991,,,,tt0106138,13587,
Amazon Prime Video,36550,Ambulance,tv_series,2016,,,,tt6079604,67946,
Amazon Prime Video,3119016,The Avengers,tv_series,1961,,,,tt0054518,2473,
Amazon Prime Video,3127594,The Practice,tv_series,1997,,,,tt0118437,3050,
Amazon Prime Video,3178664,The Legend of Vox Machina,tv_series,2022,,,,tt11247158,135934,
Amazon Prime Video,3226471,Elle,tv_series,2026,,,,tt32020831,254420,
Amazon Prime Video,3184187,The Lincoln Lawyer,tv_series,2022,,,,tt13833978,116799,
Amazon Prime Video,369954,Lethal Weapon,tv_series,2016,,,,tt5164196,67116,
Amazon Prime Video,3103805,Saving Hope,tv_series,2012,,,,tt1954804,43097,
Amazon Prime Video,376342,Matlock,tv_series,1986,,,,tt0090481,2093,
Amazon Prime Video,3183092,Interview with the Vampire,tv_series,2022,,,,tt3960394,128098,
Amazon Prime Video,373566,MI-5,tv_series,2002,,,,tt0160904,4046,
Amazon Prime Video,318898,Cagney & Lacey,tv_series,1981,,,,tt0083395,4223,
Amazon Prime Video,384183,Neighbours,tv_series,1985,,,,tt0088580,2674,
Amazon Prime Video,333953,"Dr. Quinn, Medicine Woman",tv_series,1993,,,,tt0103405,4324,
Amazon Prime Video,3147060,Yu-Gi-Oh! GX,tv_series,2004,,,,tt0493334,12536,
Amazon Prime Video,3308014,The Vampire Lestat,tv_series,2026,,,,,323411,
Amazon Prime Video,1566628,Mission: Impossible - The Final Reckoning,movie,2025,,,,tt9603208,575265,
Amazon Prime Video,3174922,Duel Masters,tv_series,2002,,,,tt0404597,46392,
Amazon Prime Video,313244,Bergerac,tv_series,1981,,,,tt0081831,1596,
Amazon Prime Video,3128116,The Red Skelton Hour,tv_series,1951,,,,tt0043224,10534,
Amazon Prime Video,3118611,The Alfred Hitchcock Hour,tv_series,1962,,,,tt0055657,21728,
Amazon Prime Video,3115881,Taken,tv_series,2017,,,,tt5052460,68006,
Amazon Prime Video,3171564,Fallout,tv_series,2024,,,,tt12637874,106379,
Amazon Prime Video,355263,Hunter,tv_series,1984,,,,tt0086734,4571,
Amazon Prime Video,352561,Highway Patrol,tv_series,1955,,,,tt0047739,11920,
Amazon Prime Video,3124683,The Killing,tv_series,2011,,,,tt1637727,34415,
Amazon Prime Video,341248,Fear the Walking Dead,tv_series,2015,,,,tt3743822,62286,
Amazon Prime Video,390406,Pacific Blue,tv_series,1996,,,,tt0112112,50,
Amazon Prime Video,335253,Earth: Final Conflict,tv_series,1997,,,,tt0123816,2840,
Amazon Prime Video,3232664,From Old Country Bumpkin to Master Swordsman,tv_series,2025,,,,tt35346717,260823,
Amazon Prime Video,3165005,FBI: Most Wanted,tv_series,2020,,,,tt9742936,94372,
Amazon Prime Video,368937,Leave It to Beaver,tv_series,1957,,,,tt0050032,5133,
Amazon Prime Video,3159450,Dororo,tv_series,2019,,,,tt9458304,83100,
Amazon Prime Video,355343,Hustle,tv_series,2004,,,,tt0379632,3764,
Amazon Prime Video,32025,90210,tv_series,2008,,,,tt1225901,5917,
Amazon Prime Video,338506,Escape to the Country,tv_series,2002,,,,tt0390700,6390,
Amazon Prime Video,379944,Monk,tv_series,2002,,,,tt0312172,1695,
Amazon Prime Video,36912,American Pickers,tv_series,2010,,,,tt1596786,32025,
Amazon Prime Video,375294,Mannix,tv_series,1967,,,,tt0061277,2813,
Amazon Prime Video,32420,A Haunting,tv_series,2005,,,,tt0484243,4038,
Amazon Prime Video,3215015,Tonbo!,tv_series,2024,,,,tt31957516,243140,
Amazon Prime Video,1738880,The Wrecking Crew,movie,2026,,,,tt33046197,1168190,
Amazon Prime Video,323843,Colony,tv_series,2016,,,,tt4209256,62858,
Amazon Prime Video,380880,Mozart in the Jungle,tv_series,2014,,,,tt3502172,61744,
Amazon Prime Video,3146522,Ronin Warriors,tv_series,1988,,,,tt0159933,35993,
Amazon Prime Video,396238,Psycho-Pass,tv_series,2012,,,,tt2379308,43865,
Amazon Prime Video,315429,Blue Heelers,tv_series,1994,,,,tt0108709,2233,
Amazon Prime Video,333815,Downton Abbey,tv_series,2010,,,,tt1606375,33907,
Amazon Prime Video,3147059,Yu-Gi-Oh! Duel Monsters,tv_series,2000,,,,tt0247902,902,
Amazon Prime Video,352536,Highlander,tv_series,1992,,,,tt0103442,4414,
Amazon Prime Video,3142601,Weeds,tv_series,2005,,,,tt0439100,186,
Amazon Prime Video,1764536,Rise of the Conqueror,movie,2026,,,,tt25868520,1207162,
Amazon Prime Video,3122335,The Firm,tv_series,2012,,,,tt1949012,39255,
Amazon Prime Video,3106168,Shameless,tv_series,2004,,,,tt0377260,1906,
Amazon Prime Video,1696244,The Conjuring: Last Rites,movie,2025,,,,tt22898462,1038392,
Amazon Prime Video,31329,30 Rock,tv_series,2006,,,,tt0496424,4608,
Amazon Prime Video,3108968,Snowpiercer,tv_series,2020,,,,tt6156584,79680,
Amazon Prime Video,322947,Clarence,tv_series,2013,,,,tt3061050,50035,
Amazon Prime Video,3227233,THE GHOST IN THE SHELL,tv_series,2026,,,,tt36517689,255358,
Amazon Prime Video,3121314,The Dead Zone,tv_series,2002,,,,tt0281432,1475,
Amazon Prime Video,340502,Family Affair,tv_series,1966,,,,tt0059982,503,
Amazon Prime Video,376891,Medici,tv_series,2016,,,,tt5057130,66761,
Amazon Prime Video,1783110,Sinners,movie,2025,,,,tt31193180,1233413,
Amazon Prime Video,350982,Haven,tv_series,2010,,,,tt1519931,33001,
Amazon Prime Video,3122753,The Garfield Show,tv_series,2008,,,,tt1470837,18352,
Amazon Prime Video,3226469,Spider-Noir,tv_series,2026,,,,tt30460310,220102,
Amazon Prime Video,3101860,Rules of Engagement,tv_series,2007,,,,tt0790772,2755,
Amazon Prime Video,1482107,xXx: Return of Xander Cage,movie,2017,,,,tt1293847,47971,
Amazon Prime Video,1428374,The Wolf of Wall Street,movie,2013,,,,tt0993846,106646,
Amazon Prime Video,3117258,Teletubbies,tv_series,1997,,,,tt0142055,1682,
Amazon Prime Video,3121468,The Dick Van Dyke Show,tv_series,1961,,,,tt0054533,2132,
Amazon Prime Video,3132120,This Old House,tv_series,1979,,,,tt0078701,2394,
Amazon Prime Video,3266639,See You at Work Tomorrow!,tv_series,2026,,,,tt38960812,289763,
Amazon Prime Video,312091,Bat Masterson,tv_series,1958,,,,tt0052445,13895,
Amazon Prime Video,377609,Merlin,tv_series,2008,,,,tt1199099,7225,
Amazon Prime Video,383673,Naruto SD: Rock Lee & His Ninja Pals,tv_series,2012,,,,tt2301807,43168,
Amazon Prime Video,3119725,The Bob Newhart Show,tv_series,1972,,,,tt0068049,1974,
Amazon Prime Video,398260,Ray Donovan,tv_series,2013,,,,tt2249007,1423,
Amazon Prime Video,349696,H2O: Just Add Water,tv_series,2006,,,,tt0491603,2260,
Amazon Prime Video,312301,Baywatch,tv_series,1989,,,,tt0096542,4386,
Amazon Prime Video,57366,Gokusen,tv_series,2002,,,,tt0292765,63409,
Amazon Prime Video,350760,Hart of Dixie,tv_series,2011,,,,tt1832979,39279,
Amazon Prime Video,1690549,Kung Fu Panda 4,movie,2024,,,,tt21692408,1011985,
Amazon Prime Video,1894031,The SpongeBob Movie: Search for SquarePants,movie,2025,,,,tt23572848,991494,
Amazon Prime Video,3118451,The Adventures of Ozzie and Harriet,tv_series,1952,,,,tt0044230,952,
Amazon Prime Video,392592,Petticoat Junction,tv_series,1963,,,,tt0056780,3346,
Amazon Prime Video,3163451,Kenichi: The Mightiest Disciple,tv_series,2006,,,,tt1424037,37585,
Amazon Prime Video,3208128,On Call,tv_series,2025,,,,tt14582876,236429,
Amazon Prime Video,35860,All Saints,tv_series,1998,,,,tt0163924,2167,
Amazon Prime Video,380214,Moonlighting,tv_series,1985,,,,tt0088571,1998,
Amazon Prime Video,3128073,The Rebel,tv_series,1959,,,,tt0052505,13844,
Amazon Prime Video,353218,Hogan's Heroes,tv_series,1965,,,,tt0058812,4068,
Amazon Prime Video,350372,Hannibal,tv_series,2013,,,,tt2243973,40008,
Amazon Prime Video,31070,21 Jump Street,tv_series,1987,,,,tt0092312,1486,
Amazon Prime Video,36822,American Gods,tv_series,2017,,,,tt1898069,46639,
Amazon Prime Video,3176393,The Smurfs,tv_series,2021,,,,tt14670820,123591,
Amazon Prime Video,3103273,Sanctuary,tv_series,2008,,,,tt0965394,1310,
Amazon Prime Video,1869992,Apocalypse Z: The Beginning of the End,movie,2024,,,,tt27599851,1118031,
Amazon Prime Video,3164018,Couples Therapy,tv_series,2019,,,,tt10665386,91820,
Amazon Prime Video,1230481,Limitless,movie,2011,,,,tt1219289,51876,
Amazon Prime Video,3173624,Yu-Gi-Oh! 5D's,tv_series,2008,,,,tt1196094,20695,
Amazon Prime Video,3171663,Edens Zero,tv_series,2021,,,,tt13167196,104711,
Amazon Prime Video,393931,Pointless Celebrities,tv_series,2010,,,,tt2267661,61781,
Amazon Prime Video,3143870,Who's the Boss?,tv_series,1984,,,,tt0086827,634,
Amazon Prime Video,3116067,Tales of Wells Fargo,tv_series,1957,,,,tt0050066,13795,
Amazon Prime Video,3165295,Hazbin Hotel,tv_series,2019,,,,tt7216636,94954,
Amazon Prime Video,368215,Last of the Summer Wine,tv_series,1973,,,,tt0069602,4250,
Amazon Prime Video,344115,Friday Night Lights,tv_series,2006,,,,tt0758745,4278,
Amazon Prime Video,398938,Red vs. Blue,tv_series,2003,,,,tt0401747,39373,
Amazon Prime Video,34728,Agatha Christie's Marple,tv_series,2004,,,,tt1734537,6127,
Amazon Prime Video,538062,Lexx,tv_series,1996,,,,tt0115243,1818,
Amazon Prime Video,1825474,My Fault: London,movie,2025,,,,tt32434379,1294203,
Amazon Prime Video,327635,Dance Moms,tv_series,2011,,,,tt1991410,40026,
Amazon Prime Video,3119610,The Black Adder,tv_series,1983,,,,tt0084988,7246,
Amazon Prime Video,512536,Mischievous Kiss: Love in Tokyo,tv_series,2013,,,,tt2772104,64793,
Amazon Prime Video,372864,"Love, Chunibyo & Other Delusions",tv_series,2012,,,,tt2321542,45501,
Amazon Prime Video,310255,Avatar: The Last Airbender,tv_series,2005,,,,tt0417299,246,
Amazon Prime Video,312128,Batman: The Animated Series,tv_series,1992,,,,tt0103359,2098,
Amazon Prime Video,399418,Renegade,tv_series,1992,,,,tt0103524,600,
Amazon Prime Video,311441,Bakugan Battle Brawlers,tv_series,2007,,,,tt1114855,34109,
Amazon Prime Video,33906,According to Jim,tv_series,2001,,,,tt0285351,1739,
Amazon Prime Video,3137725,Unforgettable,tv_series,2011,,,,tt1842530,39276,
Amazon Prime Video,399434,Reno 911!,tv_series,2003,,,,tt0370194,2187,
Amazon Prime Video,351123,He-Man and the Masters of the Universe,tv_series,1983,,,,tt0126158,931,
Apple TV+,4158363,Silo,tv_series,2023,,,,tt14688458,125988,
Apple TV+,3248514,Lucky,tv_miniseries,2026,,,,tt34866681,278624,
Apple TV+,3184758,Bad Sisters,tv_series,2022,,,,tt15469618,199318,
Apple TV+,3166520,Ted Lasso,tv_series,2020,,,,tt10986410,97546,
Apple TV+,4143625,For All Mankind,tv_series,2019,,,,tt7772588,87917,
Apple TV+,3244164,Cape Fear,tv_miniseries,2026,,,,tt34675596,277439,
Apple TV+,347786,Gold Rush,tv_series,2010,,,,tt1800864,34634,
Apple TV+,1592806,Severance,tv_series,2022,,,,tt11280740,95396,
Apple TV+,3165888,Foundation,tv_series,2021,,,,tt0804484,93740,
Apple TV+,338086,Entourage,tv_series,2004,,,,tt0387199,1940,
Apple TV+,3235880,Widow's Bay,tv_series,2026,,,,tt33332385,270476,
Apple TV+,3165490,Slow Horses,tv_series,2022,,,,tt5875444,95480,
Apple TV+,3185624,Monarch: Legacy of Monsters,tv_series,2023,,,,tt17220216,202411,
Apple TV+,1837570,F1,movie,2025,,,,tt16311594,911430,
Apple TV+,1680178,Shrinking,tv_series,2023,,,,tt15677150,136311,
Apple TV+,3200623,Pluribus,tv_series,2025,,,,tt22202452,225171,
Apple TV+,3194922,The Last Frontier,tv_series,2025,,,,tt26862142,221079,
Apple TV+,3261226,Maximum Pleasure Guaranteed,tv_series,2026,,,,tt35946742,285404,
Apple TV+,3190703,Hijack,tv_series,2023,,,,tt19854762,198102,
Apple TV+,3140081,Victorious,tv_series,2010,,,,tt1604099,31251,
Apple TV+,3181909,Disclaimer,tv_series,2024,,,,tt16294384,147050,
Apple TV+,1865689,The Family Plan 2,movie,2025,,,,tt34276058,1363123,
Apple TV+,310414,Awkward.,tv_series,2011,,,,tt1663676,39859,
Apple TV+,3165283,Mythic Quest,tv_series,2020,,,,tt8879940,94951,
Apple TV+,3218220,Prime Target,tv_series,2025,,,,tt31186958,246381,
Apple TV+,537711,Formula 1: Drive to Survive,tv_series,2019,,,,tt8289930,87083,
Apple TV+,3261035,Number One on the Call Sheet,tv_miniseries,2025,,,,tt36005664,285310,
Apple TV+,3185070,The Last Thing He Told Me,tv_series,2023,,,,tt13745850,201289,
Apple TV+,3166723,Amazing Stories,tv_series,2020,,,,tt5165368,98178,
Apple TV+,3179336,Extrapolations,tv_miniseries,2023,,,,tt13821126,138169,
Apple TV+,3123409,The Guild,tv_series,2007,,,,tt1138475,15768,
Apple TV+,3184404,Loot,tv_series,2022,,,,tt14271498,197449,
Apple TV+,3171681,The Mosquito Coast,tv_series,2021,,,,tt11041132,93716,
Apple TV+,3155173,Project Blue Book,tv_series,2019,,,,tt6632666,79649,
Apple TV+,3209569,The Buccaneers,tv_series,2023,,,,tt21108774,213338,
Apple TV+,3178062,Acapulco,tv_series,2021,,,,tt13567344,133727,
Apple TV+,3163577,Dickinson,tv_series,2019,,,,tt8518136,89901,
Apple TV+,1801108,Eternity,movie,2025,,,,tt24950660,1259102,
Apple TV+,3183240,Surface,tv_series,2022,,,,tt13694702,127641,
Apple TV+,3173841,Physical,tv_series,2021,,,,tt11828492,119181,
Apple TV+,3157187,Little America,tv_series,2020,,,,tt8000674,80336,
Apple TV+,3182185,The New Look,tv_series,2024,,,,tt18177528,157368,
Apple TV+,3229826,The Hunt,tv_miniseries,2025,,,,tt33086602,257992,
Apple TV+,3181845,Shining Girls,tv_series,2022,,,,tt2953250,106388,
Apple TV+,3186097,Time Bandits,tv_series,2024,,,,tt1928307,114924,
Apple TV+,1184387,Insurgent,movie,2015,,,,tt2908446,262500,
Apple TV+,11135365,Propeller: One-Way Night Coach,movie,2026,,,,tt41367695,1662414,
Apple TV+,3183250,Bad Monkey,tv_series,2024,,,,tt15203646,130853,
Apple TV+,3165380,Prehistoric Planet,tv_series,2022,,,,tt10324164,95171,
Apple TV+,3181979,Sunny,tv_series,2024,,,,tt18070898,157226,
Apple TV+,1649947,Ghosted,movie,2023,,,,tt15326988,868759,
Apple TV+,3171407,The Snoopy Show,tv_series,2021,,,,tt13206602,110948,
Apple TV+,313070,Below Deck,tv_series,2013,,,,tt2342499,50042,
Apple TV+,343654,Fraggle Rock,tv_series,1983,,,,tt0085017,2957,
Apple TV+,543152,Snoopy Presents: For Auld Lang Syne,tv_special,2021,,,,tt15553258,881211,
Apple TV+,3174063,Mr. Corman,tv_series,2021,,,,tt10971064,124897,
Apple TV+,544549,Lady in the Lake,tv_miniseries,2024,,,,tt14022668,120549,
Apple TV+,3172404,Calls,tv_series,2021,,,,tt9327706,119934,
Apple TV+,3211055,Krank: Berlin,tv_series,2025,,,,tt28529513,239362,
Apple TV+,1781104,Fountain of Youth,movie,2025,,,,tt27075958,1098006,
Apple TV+,3212681,Before,tv_series,2024,,,,tt13332622,240920,
Apple TV+,1880626,Outcome,movie,2026,,,,tt23724682,1049471,
Apple TV+,3213345,Murderbot,tv_series,2025,,,,tt30444310,241554,
Apple TV+,356470,Ice Road Truckers,tv_series,2007,,,,tt1068912,3780,
Apple TV+,1594666,The Tragedy of Macbeth,movie,2021,,,,tt10095582,591538,
Apple TV+,3166701,Central Park,tv_series,2020,,,,tt8129006,98198,
Apple TV+,1593568,Lisey's Story,tv_miniseries,2021,,,,tt3319460,95839,
Apple TV+,3115247,Tron: Uprising,tv_series,2012,,,,tt1812523,34356,
Apple TV+,3202147,La Maison,tv_series,2024,,,,tt29766398,231000,
Apple TV+,11057258,The First Snow of Fraggle Rock,short_film,2025,,,,tt39089423,1566269,
Apple TV+,1514676,Wolfwalkers,movie,2020,,,,tt5198068,441130,
Apple TV+,3182776,Manhunt,tv_miniseries,2024,,,,tt16912512,155533,
Apple TV+,311200,Bad Girls Club,tv_series,2006,,,,tt0914829,4940,
Apple TV+,3189205,The Changeling,tv_series,2023,,,,tt8559532,131992,
Apple TV+,3121909,The Enemy Within,tv_series,2019,,,,tt8390342,81946,
Apple TV+,3184449,Franklin,tv_miniseries,2024,,,,tt18351584,197591,
Apple TV+,3184219,Liaison,tv_series,2023,,,,tt14792896,128066,
Apple TV+,1785293,The Lost Bus,movie,2025,,,,tt21103218,1236470,
Apple TV+,3197355,Camp Snoopy,tv_series,2024,,,,tt32490790,226745,
Apple TV+,375785,Mars,tv_series,2016,,,,tt4939064,68427,
Apple TV+,11164595,Apple Music Live: Lady Gaga MAYHEM Requiem,tv_special,2026,,,,tt42615436,1693346,
Apple TV+,3217819,The Completely Made-Up Adventures of Dick Turpin,tv_series,2024,,,,tt19516036,197459,
Apple TV+,3183257,Hello Tomorrow!,tv_series,2023,,,,tt14596212,125000,
Apple TV+,3164729,Snoopy in Space,tv_series,2019,,,,tt10659366,91249,
Apple TV+,139241,Finch,movie,2021,,,,tt3420504,522402,
Apple TV+,3209579,Messi's World Cup: The Rise of a Legend,tv_miniseries,2024,,,,tt27972462,237890,
Apple TV+,3225886,Women in Blue,tv_series,2024,,,,tt20516590,253983,
Apple TV+,3136397,Tyrant,tv_series,2014,,,,tt2568204,60972,
Apple TV+,3165286,Ghostwriter,tv_series,2019,,,,tt11004134,93520,
Apple TV+,372565,Love After Lockup,tv_series,2018,,,,tt7721986,76300,
Apple TV+,3171571,Stillwater,tv_series,2020,,,,tt13135714,111834,
Apple TV+,1650590,Wolfs,movie,2024,,,,tt14257582,877817,
Apple TV+,360317,Jersey Shore,tv_series,2009,,,,tt1563069,31343,
Apple TV+,3177394,The Problem with Jon Stewart,tv_series,2021,,,,tt15084142,123149,
Apple TV+,3186437,Five Days at Memorial,tv_miniseries,2022,,,,tt3283594,108664,
Apple TV+,3165452,Shantaram,tv_series,2022,,,,tt0429087,95341,
Apple TV+,548990,Land of Women,tv_series,2024,,,,tt21622048,208251,
Apple TV+,544251,The Essex Serpent,tv_miniseries,2022,,,,tt12976224,108171,
Apple TV+,1590578,Spirited,movie,2022,,,,tt10999120,632856,
Apple TV+,3206532,Curses!,tv_series,2023,,,,tt29180190,234800,
Apple TV+,3179542,Crime,tv_series,2021,,,,tt12759778,106349,
Apple TV+,2750245,"The Boy, the Mole, the Fox and the Horse",short_film,2022,,,,tt22667880,995133,
Apple TV+,3116378,Tanked,tv_series,2011,,,,tt1849622,61329,
Apple TV+,327612,Dance Academy,tv_series,2010,,,,tt1551948,32515,
Apple TV+,3169978,Fraggle Rock: Back to the Rock,tv_series,2022,,,,tt12397680,104002,
Apple TV+,3170568,The Oprah Conversation,tv_series,2020,,,,tt10171532,106727,
Apple TV+,3107843,Single Parents,tv_series,2018,,,,tt7845644,81127,
Apple TV+,3171022,Tiny World,tv_series,2020,,,,tt13007904,108303,
Apple TV+,35416,Alaska: The Last Frontier,tv_series,2011,,,,tt1877010,63313,
Apple TV+,3192265,The Reluctant Traveler,tv_series,2023,,,,tt15822846,137735,
Apple TV+,3201436,Love You to Death,tv_series,2025,,,,tt28074401,230365,
Apple TV+,3202148,Carême,tv_series,2025,,,,tt6418084,231001,
Apple TV+,541790,The Me You Can't See,tv_miniseries,2021,,,,tt14584186,125301,
Apple TV+,1642962,Argylle,movie,2024,,,,tt15009428,848538,
Apple TV+,3104476,Scream Queens,tv_series,2015,,,,tt4145384,62046,
Apple TV+,1614650,Emancipation,movie,2022,,,,tt12530246,715931,
Apple TV+,1702823,Frog and Toad,tv_series,2023,,,,tt2197822,219056,
Apple TV+,1578564,Causeway,movie,2022,,,,tt10192406,595586,
Apple TV+,1850112,Echo Valley,movie,2025,,,,tt27052633,1097311,
Apple TV+,3274896,KPopped,tv_series,2025,,,,tt35670584,296976,
Apple TV+,345631,Gang Related,tv_series,2014,,,,tt2719784,51046,
Apple TV+,3188991,Dope Thief,tv_miniseries,2025,,,,tt21638826,209876,
Apple TV+,3182194,They Call Me Magic,tv_series,2022,,,,tt17736322,157002,
Apple TV+,3234294,Long Way Home,tv_series,2025,,,,tt33096033,262594,
Apple TV+,3181856,The Last Days of Ptolemy Grey,tv_series,2022,,,,tt13820498,155493,
Apple TV+,1587699,The Banker,movie,2020,,,,tt6285944,627725,
Apple TV+,1996262,Snoopy Presents: A Summer Musical,tv_movie,2025,,,,tt36988583,1484453,
Apple TV+,1624210,Sharper,movie,2023,,,,tt12573454,717980,
Apple TV+,3295945,My Brother the Minotaur,tv_series,2026,,,,tt40822983,316832,
Apple TV+,553824,Twisted Yoga,tv_miniseries,2026,,,,tt39842139,315800,
Apple TV+,3205970,Where's Wanda?,tv_series,2024,,,,tt29011445,234310,
Apple TV+,3124794,The L.A. Complex,tv_series,2012,,,,tt1794147,43197,
Apple TV+,355597,I Am Cait,tv_series,2015,,,,tt4733278,63014,
Apple TV+,3681,16 & Pregnant,tv_series,2009,,,,tt1454730,31673,
Apple TV+,1632237,Cha Cha Real Smooth,movie,2022,,,,tt14376344,814340,
Apple TV+,548689,The Dynasty: New England Patriots,tv_miniseries,2024,,,,tt18257378,239748,
Apple TV+,3220231,Steve! (Martin): A Documentary in 2 Pieces,tv_miniseries,2024,,,,tt21629194,248287,
Apple TV+,3223961,Down Cemetery Road,tv_series,2025,,,,tt32132630,252000,
Apple TV+,3187800,You Would Do It Too,tv_miniseries,2023,,,,tt18988142,207311,
Apple TV+,4163148,The Velveteen Rabbit,short_film,2023,,,,tt9900816,1186957,
Apple TV+,3177741,Wolfboy and the Everything Factory,tv_series,2021,,,,tt15389676,133106,
Apple TV+,1420592,The Spirit,movie,2008,,,,tt0831887,8285,
Apple TV+,547542,Real Madrid: Until the End,tv_miniseries,2023,,,,tt26924816,221490,
Apple TV+,1644151,Fingernails,movie,2023,,,,tt13968674,790459,
Apple TV+,3171097,Long Way Up,tv_series,2020,,,,tt12824922,106871,
Apple TV+,310424,Ax Men,tv_series,2008,,,,tt1197649,15563,
Apple TV+,1389116,The Elephant Queen,movie,2019,,,,tt6722976,541572,
Apple TV+,4128932,A Charlie Brown Christmas,tv_movie,1965,,,,tt0059026,13187,
Apple TV+,4148999,Losing Alice,tv_miniseries,2020,,,,tt12398140,104022,
Apple TV+,1712110,Snoopy Presents: One-of-a-Kind Marcie,tv_special,2023,,,,tt27865284,1128604,
Apple TV+,3166876,Home,tv_series,2020,,,,tt8068900,98730,
Apple TV+,1745722,Flora and Son,movie,2023,,,,tt25471950,1059811,
Apple TV+,337839,Endgame,tv_series,2011,,,,tt1797629,38189,
Apple TV+,3239773,Wonder Pets: In the City,tv_series,2024,,,,tt33999695,274382,
Apple TV+,3229773,Vietnam: The War That Changed America,tv_series,2025,,,,tt35407689,257945,
Apple TV+,2696635,Here We Are: Notes for Living on Planet Earth,short_film,2020,,,,tt11692010,664850,
Apple TV+,3168786,Oprah Talks COVID-19,tv_series,2020,,,,tt12080818,100853,
Apple TV+,1701530,Stephen Curry: Underrated,movie,2023,,,,tt15210256,860278,
Apple TV+,3202078,Born to Be Wild,tv_series,2025,,,,tt28445317,230936,
Apple TV+,1699653,Fancy Dance,movie,2024,,,,tt21813994,1058617,
Apple TV+,1710413,Bread & Roses,movie,2024,,,,tt27599265,1117465,
Apple TV+,524290,A Charlie Brown Thanksgiving,tv_movie,1973,,,,tt0068359,13479,
Apple TV+,1685259,Blitz,movie,2024,,,,tt15939198,896151,
Apple TV+,1729263,The Beanie Bubble,movie,2023,,,,tt17007120,926008,
Apple TV+,3223566,Yo Gabba GabbaLand!,tv_series,2024,,,,tt32082949,251604,
Apple TV+,4127939,"Happy New Year, Charlie Brown",tv_movie,1986,,,,tt0123099,51940,
Apple TV+,3231603,Cowboy Cartel,tv_series,2024,,,,tt33030134,259684,
Apple TV+,1636713,"Who Are You, Charlie Brown?",movie,2021,,,,tt14784858,836919,
Apple TV+,545452,Snoopy Presents: Lucy's School,tv_special,2022,,,,tt21405896,975490,
Apple TV+,1594214,Boys State,movie,2020,,,,tt11095742,653723,
Apple TV+,3202077,The Wild Ones,tv_series,2025,,,,tt28445343,230935,
Apple TV+,2714075,Blush,short_film,2021,,,,tt14460998,818350,
Apple TV+,4127904,"Be My Valentine, Charlie Brown",tv_movie,1975,,,,tt0072687,31726,
Apple TV+,1632738,The Year Earth Changed,tv_movie,2021,,,,tt14372240,811703,
Apple TV+,1913991,Deaf President Now!,movie,2025,,,,tt34965967,1400288,
Apple TV+,546845,Super League: The War for Football,tv_miniseries,2023,,,,tt24587530,216343,
Apple TV+,3172800,The Director's Chair,tv_series,2014,,,,tt3595002,121981,
Apple TV+,1607672,Dads,movie,2019,,,,tt10883124,621757,
Apple TV+,538846,Oprah's Book Club,tv_series,2019,,,,tt11191198,93967,
Apple TV+,4127950,"It's Christmastime Again, Charlie Brown",tv_movie,1992,,,,tt0104534,23998,
Apple TV+,1704464,The Last of the Sea Women,movie,2024,,,,tt14093994,1036573,
Apple TV+,3182611,The Big Conn,tv_series,2022,,,,tt18265020,158333,
Apple TV+,3260821,Bono: Stories of Surrender,movie,2025,,,,tt35931046,1440718,
Apple TV+,1914751,Come See Me in the Good Light,movie,2025,,,,tt34966013,1400780,
Apple TV+,544693,"Snoopy Presents: To Mom (and Dad), with Love",tv_special,2022,,,,tt19866966,949581,
Apple TV+,1639179,9/11: Inside the President's War Room,movie,2021,,,,tt15010478,848981,
Apple TV+,4127895,A Charlie Brown Valentine,tv_movie,2002,,,,tt0283987,28069,
Apple TV+,4128069,"I Want a Dog for Christmas, Charlie Brown",tv_movie,2003,,,,tt0387301,24251,
Apple TV+,2704568,Bruce Springsteen's Letter to You,movie,2020,,,,tt13093506,750160,
Apple TV+,4128035,Charlie Brown's Christmas Tales,movie,2002,,,,tt0382602,37556,
Apple TV+,3212681,Before,tv_series,2024,,,,tt13332622,240920,
Apple TV+,1880626,Outcome,movie,2026,,,,tt23724682,1049471,
Apple TV+,3213345,Murderbot,tv_series,2025,,,,tt30444310,241554,
Apple TV+,356470,Ice Road Truckers,tv_series,2007,,,,tt1068912,3780,
Apple TV+,1594666,The Tragedy of Macbeth,movie,2021,,,,tt10095582,591538,
Apple TV+,3166701,Central Park,tv_series,2020,,,,tt8129006,98198,
Apple TV+,1593568,Lisey's Story,tv_miniseries,2021,,,,tt3319460,95839,
Apple TV+,3115247,Tron: Uprising,tv_series,2012,,,,tt1812523,34356,
Apple TV+,3202147,La Maison,tv_series,2024,,,,tt29766398,231000,
Apple TV+,11057258,The First Snow of Fraggle Rock,short_film,2025,,,,tt39089423,1566269,
Apple TV+,1514676,Wolfwalkers,movie,2020,,,,tt5198068,441130,
Apple TV+,3182776,Manhunt,tv_miniseries,2024,,,,tt16912512,155533,
Apple TV+,311200,Bad Girls Club,tv_series,2006,,,,tt0914829,4940,
Apple TV+,3189205,The Changeling,tv_series,2023,,,,tt8559532,131992,
Apple TV+,3121909,The Enemy Within,tv_series,2019,,,,tt8390342,81946,
Apple TV+,3184449,Franklin,tv_miniseries,2024,,,,tt18351584,197591,
Apple TV+,3184219,Liaison,tv_series,2023,,,,tt14792896,128066,
Apple TV+,1785293,The Lost Bus,movie,2025,,,,tt21103218,1236470,
Apple TV+,3197355,Camp Snoopy,tv_series,2024,,,,tt32490790,226745,
Apple TV+,375785,Mars,tv_series,2016,,,,tt4939064,68427,
Apple TV+,11164595,Apple Music Live: Lady Gaga MAYHEM Requiem,tv_special,2026,,,,tt42615436,1693346,
Apple TV+,3217819,The Completely Made-Up Adventures of Dick Turpin,tv_series,2024,,,,tt19516036,197459,
Apple TV+,3183257,Hello Tomorrow!,tv_series,2023,,,,tt14596212,125000,
Apple TV+,3164729,Snoopy in Space,tv_series,2019,,,,tt10659366,91249,
Apple TV+,139241,Finch,movie,2021,,,,tt3420504,522402,
Apple TV+,3209579,Messi's World Cup: The Rise of a Legend,tv_miniseries,2024,,,,tt27972462,237890,
Apple TV+,3225886,Women in Blue,tv_series,2024,,,,tt20516590,253983,
Apple TV+,3136397,Tyrant,tv_series,2014,,,,tt2568204,60972,
Apple TV+,3165286,Ghostwriter,tv_series,2019,,,,tt11004134,93520,
Apple TV+,372565,Love After Lockup,tv_series,2018,,,,tt7721986,76300,
Apple TV+,3171571,Stillwater,tv_series,2020,,,,tt13135714,111834,
Apple TV+,1650590,Wolfs,movie,2024,,,,tt14257582,877817,
Apple TV+,360317,Jersey Shore,tv_series,2009,,,,tt1563069,31343,
Apple TV+,3177394,The Problem with Jon Stewart,tv_series,2021,,,,tt15084142,123149,
Apple TV+,3186437,Five Days at Memorial,tv_miniseries,2022,,,,tt3283594,108664,
Apple TV+,3165452,Shantaram,tv_series,2022,,,,tt0429087,95341,
Apple TV+,548990,Land of Women,tv_series,2024,,,,tt21622048,208251,
Apple TV+,544251,The Essex Serpent,tv_miniseries,2022,,,,tt12976224,108171,
Apple TV+,1590578,Spirited,movie,2022,,,,tt10999120,632856,
Apple TV+,3206532,Curses!,tv_series,2023,,,,tt29180190,234800,
Apple TV+,3179542,Crime,tv_series,2021,,,,tt12759778,106349,
Apple TV+,2750245,"The Boy, the Mole, the Fox and the Horse",short_film,2022,,,,tt22667880,995133,
Apple TV+,3116378,Tanked,tv_series,2011,,,,tt1849622,61329,
Apple TV+,327612,Dance Academy,tv_series,2010,,,,tt1551948,32515,
Apple TV+,3169978,Fraggle Rock: Back to the Rock,tv_series,2022,,,,tt12397680,104002,
Apple TV+,3170568,The Oprah Conversation,tv_series,2020,,,,tt10171532,106727,
Apple TV+,3107843,Single Parents,tv_series,2018,,,,tt7845644,81127,
Apple TV+,3171022,Tiny World,tv_series,2020,,,,tt13007904,108303,
Apple TV+,35416,Alaska: The Last Frontier,tv_series,2011,,,,tt1877010,63313,
Apple TV+,3192265,The Reluctant Traveler,tv_series,2023,,,,tt15822846,137735,
Apple TV+,3201436,Love You to Death,tv_series,2025,,,,tt28074401,230365,
Apple TV+,3202148,Carême,tv_series,2025,,,,tt6418084,231001,
Apple TV+,541790,The Me You Can't See,tv_miniseries,2021,,,,tt14584186,125301,
Apple TV+,1642962,Argylle,movie,2024,,,,tt15009428,848538,
Apple TV+,3104476,Scream Queens,tv_series,2015,,,,tt4145384,62046,
Apple TV+,1614650,Emancipation,movie,2022,,,,tt12530246,715931,
Apple TV+,1702823,Frog and Toad,tv_series,2023,,,,tt2197822,219056,
Apple TV+,1578564,Causeway,movie,2022,,,,tt10192406,595586,
Apple TV+,1850112,Echo Valley,movie,2025,,,,tt27052633,1097311,
Apple TV+,3274896,KPopped,tv_series,2025,,,,tt35670584,296976,
Peacock,1855581,Obsession,movie,2026,,,,tt37287335,1339713,
Peacock,3142177,Watch What Happens Live with Andy Cohen,tv_series,2009,,,,tt2057880,22980,
Peacock,368472,Law & Order: Special Victims Unit,tv_series,1999,,,,tt0203259,2734,
Peacock,368467,Law & Order,tv_series,1990,,,,tt0098844,549,
Peacock,368289,Late Night with Seth Meyers,tv_series,2014,,,,tt3513388,61818,
Peacock,3114077,Supernatural,tv_series,2005,,,,tt0460681,1622,
Peacock,3130181,The Tonight Show Starring Johnny Carson,tv_series,1962,,,,tt0055708,2261,
Peacock,11124816,Based on the Original Night of the Living Dead,movie,2026,,,,tt33296064,1645603,
Peacock,3146271,Yellowstone,tv_series,2018,,,,tt4236770,73586,
Peacock,3130180,The Tonight Show Starring Jimmy Fallon,tv_series,2014,,,,tt3444938,59941,
Peacock,315901,Bones,tv_series,2005,,,,tt0460627,1911,
Peacock,3126906,The Office,tv_series,2005,,,,tt0386676,2316,
Peacock,379569,Modern Family,tv_series,2009,,,,tt1442437,1421,
Peacock,376230,Match Game,tv_series,1973,,,,tt0069608,9,
Peacock,3125390,El Señor de los Cielos,tv_series,2013,,,,tt2777882,44953,
Peacock,368468,Law & Order: Criminal Intent,tv_series,2001,,,,tt0275140,4601,
Peacock,3113358,Suits,tv_series,2011,,,,tt1632701,37680,
Peacock,3130654,The Vampire Diaries,tv_series,2009,,,,tt1405406,18165,
Peacock,3136315,Two and a Half Men,tv_series,2003,,,,tt0369179,2691,
Peacock,321720,Chicago P.D.,tv_series,2014,,,,tt2805096,58841,
Peacock,321710,Chicago Fire,tv_series,2012,,,,tt2261391,44006,
Peacock,385429,Ninjago,tv_series,2011,,,,tt1871731,38693,
Peacock,348965,Grimm,tv_series,2011,,,,tt1830617,39351,
Peacock,317350,Brooklyn Nine-Nine,tv_series,2013,,,,tt2467372,48891,
Peacock,323900,Columbo,tv_series,1971,,,,tt1466074,873,
Peacock,3103650,Saturday Night Live,tv_series,1975,,,,tt0072562,1667,
Peacock,321718,Chicago Med,tv_series,2015,,,,tt4655480,62650,
Peacock,321283,Charmed,tv_series,1998,,,,tt0158552,1981,
Peacock,396192,Psych,tv_series,2006,,,,tt0491738,1447,
Peacock,392347,Person of Interest,tv_series,2011,,,,tt1839578,1411,
Peacock,3108895,Snapped,tv_series,2004,,,,tt0429434,10184,
Peacock,36654,America's Got Talent,tv_series,2006,,,,tt0759364,4551,
Peacock,3130810,The Voice,tv_series,2011,,,,tt1839337,37678,
Peacock,3108741,Smash,tv_series,2012,,,,tt1825133,39325,
Peacock,35016,Air Crash Investigation,tv_series,2003,,,,tt0386950,90,
Peacock,3194254,LEGO Ninjago: Dragons Rising,tv_series,2023,,,,tt27502465,212989,
Peacock,384543,New Girl,tv_series,2011,,,,tt1826940,1420,
Peacock,328040,Dark Shadows,tv_series,1966,,,,tt0059978,2883,
Peacock,370998,Little House on the Prairie,tv_series,1974,,,,tt0071007,1781,
Peacock,3128322,The Rifleman,tv_series,1958,,,,tt0051308,13859,
Peacock,3153808,Hot Ones,tv_series,2015,,,,tt6556992,72649,
Peacock,3133972,Top Gear,tv_series,2002,,,,tt1628033,45,
Peacock,3125932,The Middle,tv_series,2009,,,,tt1442464,1422,
Peacock,3100529,Rizzoli & Isles,tv_series,2010,,,,tt1551632,32895,
Peacock,1749638,The Wild Robot,movie,2024,,,,tt29623480,1184918,
Peacock,345739,Garfield and Friends,tv_series,1988,,,,tt0094469,4606,
Peacock,3124709,The King of Queens,tv_series,1998,,,,tt0165581,4238,
Peacock,324310,Community,tv_series,2009,,,,tt1439629,18347,
Peacock,341127,Father Knows Best,tv_series,1954,,,,tt0046600,10118,
Peacock,351613,Hell's Kitchen,tv_series,2005,,,,tt0437005,2370,
Peacock,326269,Crossing Jordan,tv_series,2001,,,,tt0284718,2406,
Peacock,3107700,Sin Senos Sí Hay Paraíso,tv_series,2016,,,,tt5676412,67335,
Peacock,3119392,The Beverly Hillbillies,tv_series,1962,,,,tt0055662,1930,
Peacock,1546856,The Super Mario Bros. Movie,movie,2023,,,,tt6718170,502356,
Peacock,1547086,Despicable Me 4,movie,2024,,,,tt7510222,519182,
Peacock,337425,Emergency!,tv_series,1972,,,,tt0068067,5375,
Peacock,326699,Curious George,tv_series,2006,,,,tt0449545,656,
Peacock,391235,Parks and Recreation,tv_series,2009,,,,tt1266020,8592,
Peacock,1159480,Harry Potter and the Philosopher's Stone,movie,2001,,,,tt0241527,671,
Peacock,3117911,That '70s Show,tv_series,1998,,,,tt0165598,52,
Peacock,3127019,The Originals,tv_series,2013,,,,tt2632424,46896,
Peacock,3130946,The Waltons,tv_series,1972,,,,tt0068149,5021,
Peacock,313701,Beyond Belief: Fact or Fiction,tv_series,1997,,,,tt0138956,12323,
Peacock,3121602,The Donna Reed Show,tv_series,1958,,,,tt0051267,10649,
Peacock,1130466,Fast X,movie,2023,,,,tt5433140,385687,
Peacock,3119016,The Avengers,tv_series,1961,,,,tt0054518,2473,
Peacock,340543,Family Feud,tv_series,1999,,,,tt0177440,1790,
Peacock,373566,MI-5,tv_series,2002,,,,tt0160904,4046,
Peacock,351328,Heartland,tv_series,2007,,,,tt1094229,14929,
Peacock,364781,Kolchak: The Night Stalker,tv_series,1974,,,,tt0071003,5084,
Peacock,3118611,The Alfred Hitchcock Hour,tv_series,1962,,,,tt0055657,21728,
Peacock,3115881,Taken,tv_series,2017,,,,tt5052460,68006,
Peacock,3107539,Silk Stalkings,tv_series,1991,,,,tt0101198,3114,
Peacock,355263,Hunter,tv_series,1984,,,,tt0086734,4571,
Peacock,3155296,Osomatsu-san,tv_series,2015,,,,tt4838372,71785,
Peacock,390406,Pacific Blue,tv_series,1996,,,,tt0112112,50,
Peacock,3180882,La Patrona,tv_series,2013,,,,tt2585808,44914,
Peacock,3165005,FBI: Most Wanted,tv_series,2020,,,,tt9742936,94372,
Peacock,4146765,Resident Alien,tv_series,2021,,,,tt8690918,96580,
Peacock,368937,Leave It to Beaver,tv_series,1957,,,,tt0050032,5133,
Peacock,3104643,SeaQuest 2032,tv_series,1993,,,,tt0106126,2289,
Peacock,1434738,Titanic,movie,1997,,,,tt0120338,597,
Peacock,333815,Downton Abbey,tv_series,2010,,,,tt1606375,33907,
Peacock,352536,Highlander,tv_series,1992,,,,tt0103442,4414,
Peacock,1138145,Forrest Gump,movie,1994,,,,tt0109830,13,
Peacock,3141522,WWE Friday Night SmackDown,tv_series,1999,,,,tt0227972,1549,
Peacock,31329,30 Rock,tv_series,2006,,,,tt0496424,4608,
Peacock,340502,Family Affair,tv_series,1966,,,,tt0059982,503,
Peacock,350982,Haven,tv_series,2010,,,,tt1519931,33001,
Peacock,353883,Homicide: Life on the Street,tv_series,1993,,,,tt0106028,4464,
Peacock,3147171,Z Nation,tv_series,2014,,,,tt3843168,61345,
Peacock,3171369,The Unfaithful,tv_series,2020,,,,tt12879200,110562,
Peacock,3121468,The Dick Van Dyke Show,tv_series,1961,,,,tt0054533,2132,
Peacock,318907,Caillou,tv_series,1997,,,,tt0262153,3218,
Peacock,383673,Naruto SD: Rock Lee & His Ninja Pals,tv_series,2012,,,,tt2301807,43168,
Peacock,1346023,Shrek,movie,2001,,,,tt0126029,808,
Peacock,3133973,Top Gear,tv_series,1978,,,,tt0163503,4498,
Peacock,3121460,The Dick Cavett Show,tv_series,1968,,,,tt0063894,9890,
Peacock,312301,Baywatch,tv_series,1989,,,,tt0096542,4386,
Peacock,3118451,The Adventures of Ozzie and Harriet,tv_series,1952,,,,tt0044230,952,
Peacock,3143447,Wheel of Fortune,tv_series,1983,,,,tt0072584,2778,
Peacock,1961180,Seeking Persephone,tv_miniseries,2026,,,,tt29666911,316830,
Peacock,31070,21 Jump Street,tv_series,1987,,,,tt0092312,1486,
Peacock,3114124,Superstore,tv_series,2015,,,,tt4477976,62649,
Peacock,3103273,Sanctuary,tv_series,2008,,,,tt0965394,1310,
Peacock,3176209,La Brea,tv_series,2021,,,,tt11640018,128839,
Peacock,1230481,Limitless,movie,2011,,,,tt1219289,51876,
Peacock,3173624,Yu-Gi-Oh! 5D's,tv_series,2008,,,,tt1196094,20695,
Peacock,3163407,Love Island USA,tv_series,2019,,,,tt8819906,90521,
Peacock,398938,Red vs. Blue,tv_series,2003,,,,tt0401747,39373,
Peacock,384493,New Amsterdam,tv_series,2018,,,,tt7817340,80350,
Peacock,327635,Dance Moms,tv_series,2011,,,,tt1991410,40026,
Peacock,3119610,The Black Adder,tv_series,1983,,,,tt0084988,7246,
Peacock,399418,Renegade,tv_series,1992,,,,tt0103524,600,
Peacock,328381,Dateline,tv_series,1992,,,,tt0103396,78,
Peacock,1159476,Harry Potter and the Goblet of Fire,movie,2005,,,,tt0330373,674,
Peacock,3170363,Law & Order: Organized Crime,tv_series,2021,,,,tt12677870,106158,
Peacock,3195392,The Day of the Jackal,tv_series,2024,,,,tt24053860,222766,
Peacock,3127983,The Real Housewives of Beverly Hills,tv_series,2010,,,,tt1720601,32390,
Peacock,3129215,The Six Million Dollar Man,tv_series,1974,,,,tt0071054,1663,
Peacock,337876,Enemigo Íntimo,tv_series,2018,,,,tt7632608,77341,
Peacock,376441,Maury,tv_series,1991,,,,tt0120986,385,
Peacock,3239946,Far Away,tv_series,2024,,,,tt34063491,274556,
Peacock,33801,Absolutely Fabulous,tv_series,1992,,,,tt0105929,4493,
Peacock,351311,Heartbeat,tv_series,1992,,,,tt0101114,2585,
Peacock,3107535,Silk,tv_series,2011,,,,tt1717455,37780,
Peacock,37501,Andromeda,tv_series,2000,,,,tt0213327,2985,
Peacock,3185351,ted,tv_series,2024,,,,tt14824792,201834,
Peacock,3154512,Lady of Steel,tv_series,2014,,,,tt3904068,63764,
Peacock,1336708,Se7en,movie,1995,,,,tt0114369,807,
Peacock,1159475,Harry Potter and the Deathly Hallows: Part 2,movie,2011,,,,tt1201607,12445,
Peacock,538623,The Capture,tv_series,2019,,,,tt8201186,93166,
Peacock,3132349,Three's Company,tv_series,1976,,,,tt0075596,2686,
Peacock,396449,Punky Brewster,tv_series,1984,,,,tt0086787,2553,
Peacock,3176072,FBI: International,tv_series,2021,,,,tt14449470,121658,
Peacock,3127980,The Real Housewives of Atlanta,tv_series,2008,,,,tt1252370,17380,
Peacock,352244,Hey Duggee,tv_series,2014,,,,tt4291050,74280,
Peacock,3163345,Chucky,tv_series,2021,,,,tt8388390,90462,
Peacock,349449,Gunsmoke,tv_series,1955,,,,tt0047736,3713,
Peacock,1565036,Puss in Boots: The Last Wish,movie,2022,,,,tt3915174,315162,
Peacock,391435,Hidden Passion,tv_series,2003,,,,tt0387763,11250,
Peacock,3125159,The Life and Legend of Wyatt Earp,tv_series,1955,,,,tt0047750,12337,
Peacock,375833,Martin,tv_series,1992,,,,tt0103488,171,
Peacock,370767,Line of Duty,tv_series,2012,,,,tt2303687,43982,
Peacock,1468618,Wicked,movie,2024,,,,tt1262426,402431,
Peacock,1159474,Harry Potter and the Deathly Hallows: Part 1,movie,2010,,,,tt0926084,12444,
Peacock,3181251,Eastern Championship Wrestling,tv_series,1993,,,,tt0217203,14774,
Peacock,382604,Mystery Science Theater 3000,tv_series,1988,,,,tt0094517,1952,
Peacock,352566,Highway to Heaven,tv_series,1984,,,,tt0086730,2440,
Peacock,311934,Barney & Friends,tv_series,1992,,,,tt0144701,4887,
Peacock,3146419,Ugly Betty,tv_series,1999,,,,tt0233127,16286,
Peacock,341228,Fear Factor,tv_series,2001,,,,tt0278191,320,
Peacock,1159477,Harry Potter and the Half-Blood Prince,movie,2009,,,,tt0417741,767,
Peacock,1413273,The Prestige,movie,2006,,,,tt0482571,1124,
Peacock,370214,Life,tv_series,2007,,,,tt0874936,3797,
Peacock,1779549,Five Nights at Freddy's 2,movie,2025,,,,tt30274401,1228246,
Peacock,3174297,Fatal Attraction,tv_series,2013,,,,tt2912216,73884,
Peacock,340910,Farscape,tv_series,1999,,,,tt0187636,4271,
Peacock,1183315,Inglourious Basterds,movie,2009,,,,tt0361748,16869,
Peacock,3108582,Sliders,tv_series,1995,,,,tt0112167,1649,
Peacock,3153775,Operación triunfo,tv_series,2001,,,,tt0306368,12513,
Peacock,380991,Mr. Mercedes,tv_series,2017,,,,tt4354880,70485,
Peacock,3133938,Top Chef,tv_series,2006,,,,tt0765425,41822,
Peacock,3219638,The Hunting Party,tv_series,2025,,,,tt21906554,247723,
Peacock,1159478,Harry Potter and the Order of the Phoenix,movie,2007,,,,tt0373889,675,
Peacock,329654,Defiance,tv_series,2013,,,,tt2189221,51704,
Peacock,376672,McLeod's Daughters,tv_series,2001,,,,tt0292414,2041,
Peacock,358814,Iron Chef,tv_series,1993,,,,tt0220265,4594,
Peacock,351930,Here's Lucy,tv_series,1968,,,,tt0062570,1439,
Peacock,199608,Despicable Me 2,movie,2013,,,,tt1690953,93456,
Peacock,384615,New Tricks,tv_series,2003,,,,tt0362357,13335,
Peacock,317203,Broadchurch,tv_series,2013,,,,tt2249364,1427,
Peacock,1142273,Furious 7,movie,2015,,,,tt2820852,168259,
Peacock,1251672,Memento,movie,2000,,,,tt0209144,77,
Peacock,1142357,Fury,movie,2014,,,,tt2713180,228150,
Peacock,3168207,Girls5eva,tv_series,2021,,,,tt11650492,100350,
Peacock,131923,Apocalypto,movie,2006,,,,tt0472043,1579,
Peacock,3123064,The Good Place,tv_series,2016,,,,tt4955642,66573,
Peacock,3180224,Bel-Air,tv_series,2022,,,,tt12878838,107365,
Peacock,1693546,The Idea of You,movie,2024,,,,tt9466114,843527,
Peacock,3180117,Family Secrets,tv_series,2021,,,,tt12979628,133490,
Peacock,325214,Corner Gas,tv_series,2004,,,,tt0397138,429,
Peacock,378977,Misfits,tv_series,2009,,,,tt1548850,31295,
Peacock,351781,Hemlock Grove,tv_series,2013,,,,tt2309295,42295,
Peacock,3110189,Space: 1999,tv_series,1975,,,,tt0072564,134,
Peacock,1203913,Kill Bill: The Whole Bloody Affair,movie,2004,,,,tt6019206,414419,
Peacock,3127992,The Real Housewives of New Jersey,tv_series,2009,,,,tt1411598,18204,
Peacock,324822,Continuum,tv_series,2012,,,,tt1954347,43020,
Peacock,355161,Humans,tv_series,2015,,,,tt4122068,62822,
Peacock,3122340,The First 48,tv_series,2004,,,,tt0423652,5146,
Peacock,1583912,Ne Zha,movie,2019,,,,tt10627720,615453,
Peacock,3131221,The Wiggles,tv_series,1998,,,,tt0454656,34921,
Peacock,1137596,Ford v Ferrari,movie,2019,,,,tt1950186,359724,
Peacock,1498670,Nosferatu,movie,2024,,,,tt5040012,426063,
Peacock,1346024,Shrek 2,movie,2004,,,,tt0298148,809,
Peacock,3209435,Brilliant Minds,tv_series,2024,,,,tt26448526,237748,
Peacock,1550037,M3GAN,movie,2022,,,,tt8760708,536554,
Peacock,3103328,Sanford and Son,tv_series,1972,,,,tt0068128,2586,
Peacock,3178327,Blippi,tv_series,2017,,,,tt6594882,125760,
Peacock,329976,Dennis the Menace,tv_series,1959,,,,tt0052461,9985,
Peacock,1129885,Fantastic Beasts and Where to Find Them,movie,2016,,,,tt3183660,259316,
Peacock,3138044,Unsolved Mysteries,tv_series,1987,,,,tt0094574,126,
Peacock,1252063,Men in Black,movie,1997,,,,tt0119654,607,
Peacock,3117649,Terra Formars,tv_series,2014,,,,tt3894916,61398,
Peacock,3164356,Brassic,tv_series,2019,,,,tt9174582,92621,
Peacock,343242,Forensic Files,tv_series,1996,,,,tt0247882,11105,
Peacock,3191271,Poker Face,tv_series,2023,,,,tt14269590,120998,
Peacock,3179582,Monkie Kid,tv_series,2020,,,,tt12415378,106251,
Peacock,514932,Pride and Prejudice,tv_miniseries,1995,,,,tt0112130,1457,
Peacock,3181214,TrollsTopia,tv_series,2020,,,,tt11714932,113378,
Peacock,395871,Project Runway,tv_series,2004,,,,tt0437741,1685,
Peacock,1159473,Harry Potter and the Chamber of Secrets,movie,2002,,,,tt0295297,672,
Peacock,3100345,Ripper Street,tv_series,2012,,,,tt2183641,46930,
Peacock,3123519,The Hardy Boys/Nancy Drew Mysteries,tv_series,1977,,,,tt0075513,2928,
Peacock,1461996,War of the Worlds,movie,2005,,,,tt0407304,74,
Peacock,3234134,M.I.A.,tv_series,2026,,,,tt33253070,262388,
Peacock,1576172,"The Gangster, the Cop, the Devil",movie,2019,,,,tt10208198,581528,
Peacock,3182880,Twisted Metal,tv_series,2023,,,,tt14261112,133748,
Peacock,1190478,Jaws,movie,1975,,,,tt0073195,578,
Peacock,334079,Dragons: Riders of Berk,tv_series,2012,,,,tt2325846,44305,
Peacock,3144699,Wiseguy,tv_series,1987,,,,tt0092484,6550,
Peacock,1404345,The Lorax,movie,2012,,,,tt1482459,73723,
Peacock,3165327,The Oval,tv_series,2019,,,,tt10580092,95004,
Peacock,122224,Alita: Battle Angel,movie,2019,,,,tt0437086,399579,
Peacock,1255913,Minions,movie,2015,,,,tt2293640,211672,
Peacock,3259444,The Five-Star Weekend,tv_series,2026,,,,tt35587659,283151,
Peacock,3128014,The Real McCoys,tv_series,1957,,,,tt0050053,10458,
Peacock,1307596,Pretty Woman,movie,1990,,,,tt0100405,114,
Peacock,536084,Black Jack,tv_series,1993,,,,tt5778326,30083,
Peacock,3118468,The Adventures of Puss in Boots,tv_series,2015,,,,tt3807034,61886,
Peacock,1440383,Triangle,movie,2009,,,,tt1187064,26466,
Peacock,1868648,Reminders of Him,movie,2026,,,,tt33714084,1367642,
Peacock,3119585,The Bionic Woman,tv_series,1976,,,,tt0073965,2275,
Peacock,312943,Being Human,tv_series,2011,,,,tt1595680,32022,
Peacock,33388,ALF,tv_series,1986,,,,tt0090390,4658,
Peacock,1583847,Nobody,movie,2021,,,,tt7888964,615457,
Peacock,3117933,That Girl,tv_series,1966,,,,tt0060034,1925,
Peacock,1546240,Five Nights at Freddy's,movie,2023,,,,tt4589218,507089,
Peacock,1487859,Knives Out,movie,2019,,,,tt8946378,546554,
Peacock,3179065,Dragons: The Nine Realms,tv_series,2021,,,,tt15758116,136322,
Peacock,3126302,The Munsters,tv_series,1964,,,,tt0057773,1712,
Peacock,381975,My Family,tv_series,2000,,,,tt0257315,643,
Peacock,1320521,Reservoir Dogs,movie,1992,,,,tt0105236,500,
Peacock,3184423,Mrs. Davis,tv_miniseries,2023,,,,tt14759574,197548,
Peacock,3125561,The Magic School Bus,tv_series,1994,,,,tt0108847,7248,
Peacock,1311257,Puss in Boots,movie,2011,,,,tt0448694,417859,
Peacock,1346026,Shrek Forever After,movie,2010,,,,tt0892791,10192,
Peacock,1159479,Harry Potter and the Prisoner of Azkaban,movie,2004,,,,tt0304141,673,
Peacock,3138060,Unsung,tv_series,2008,,,,tt1334307,24661,
Peacock,159490,Braveheart,movie,1995,,,,tt0112573,197,
Paramount+,3121173,The Daily Show,tv_series,1996,,,,tt0115147,2224,
Paramount+,3124974,The Late Show with Stephen Colbert,tv_series,2015,,,,tt3697842,63770,
Paramount+,383007,NCIS,tv_series,2003,,,,tt0364845,4614,
Paramount+,326122,Criminal Minds,tv_series,2005,,,,tt0452046,4057,
Paramount+,318693,CSI: Crime Scene Investigation,tv_series,2000,,,,tt0247082,1431,
Paramount+,330948,Dexter,tv_series,2006,,,,tt0773262,1405,
Paramount+,3277969,Dutton Ranch,tv_series,2026,,,,tt34991493,299167,
Paramount+,351006,Hawaii Five-0,tv_series,2010,,,,tt1600194,32798,
Paramount+,343791,Frasier,tv_series,1993,,,,tt0106004,3452,
Paramount+,390275,PAW Patrol,tv_series,2013,,,,tt3121722,57532,
Paramount+,318696,CSI: Miami,tv_series,2002,,,,tt0313043,1620,
Paramount+,3114308,Survivor,tv_series,2000,,,,tt0239195,14658,
Paramount+,392149,Peppa Pig,tv_series,2004,,,,tt0426769,12225,
Paramount+,339901,FBI,tv_series,2018,,,,tt7491982,80748,
Paramount+,3109994,South Park,tv_series,1997,,,,tt0121955,2190,
Paramount+,31768,60 Minutes,tv_series,1968,,,,tt0123338,651,
Paramount+,392335,Perry Mason,tv_series,1957,,,,tt0050051,4177,
Paramount+,1184713,Interstellar,movie,2014,,,,tt0816692,157336,
Paramount+,3182343,Lioness,tv_series,2023,,,,tt13111078,113962,
Paramount+,3182315,Tulsa King,tv_series,2022,,,,tt16358384,153312,
Paramount+,315402,Blue Bloods,tv_series,2010,,,,tt1595859,32692,
Paramount+,3101837,Rugrats,tv_series,1991,,,,tt0101188,3022,
Paramount+,3123073,The Good Wife,tv_series,2009,,,,tt1442462,1435,
Paramount+,314013,Big Brother,tv_series,2000,,,,tt0251497,10160,
Paramount+,3125433,The Love Boat,tv_series,1977,,,,tt0075529,1823,
Paramount+,3176109,Twin Peaks,tv_series,1990,,,,tt0098936,1920,
Paramount+,3111464,Star Trek: The Next Generation,tv_series,1987,,,,tt0092455,655,
Paramount+,359487,JAG,tv_series,1995,,,,tt0112022,4376,
Paramount+,3101720,RuPaul's Drag Race,tv_series,2009,,,,tt1353056,8514,
Paramount+,3130374,The Tudors,tv_series,2007,,,,tt0758790,2942,
Paramount+,3168139,Big Brother,tv_series,2000,,,,tt11872328,100128,
Paramount+,313664,"Beverly Hills, 90210",tv_series,1990,,,,tt0098749,2025,
Paramount+,3125426,The Loud House,tv_series,2015,,,,tt4859164,68073,
Paramount+,3111445,Star Trek: Discovery,tv_series,2017,,,,tt5171438,67198,
Paramount+,3182282,Landman,tv_series,2024,,,,tt14186672,157741,
Paramount+,373899,MacGyver,tv_series,1985,,,,tt0088559,2875,
Paramount+,377314,Melrose Place,tv_series,1992,,,,tt0103491,4349,
Paramount+,3127296,The Penguins of Madagascar,tv_series,2008,,,,tt0892700,7869,
Paramount+,3111436,Star Trek,tv_series,1966,,,,tt0060028,253,
Paramount+,3120450,The Chi,tv_series,2018,,,,tt6294706,72071,
Paramount+,3111444,Star Trek: Deep Space Nine,tv_series,1993,,,,tt0106145,580,
Paramount+,3189665,Tracker,tv_series,2024,,,,tt13875494,211288,
Paramount+,3111467,Star Trek: Voyager,tv_series,1995,,,,tt0112178,1855,
Paramount+,3122105,The Fairly OddParents,tv_series,2001,,,,tt0235918,4630,
Paramount+,376918,Medium,tv_series,2005,,,,tt0412175,36,
Paramount+,318697,CSI: NY,tv_series,2004,,,,tt0395843,2458,
Paramount+,345739,Garfield and Friends,tv_series,1988,,,,tt0094469,4606,
Paramount+,321487,Cheers,tv_series,1982,,,,tt0083399,141,
Paramount+,3124709,The King of Queens,tv_series,1998,,,,tt0165581,4238,
Paramount+,314425,Billions,tv_series,2016,,,,tt4270492,62852,
Paramount+,3196740,Elsbeth,tv_series,2024,,,,tt26591110,226285,
Paramount+,3102359,SEAL Team,tv_series,2017,,,,tt6473344,71789,
Paramount+,3118773,The Andy Griffith Show,tv_series,1960,,,,tt0053479,106,
Paramount+,3117070,Teenage Mutant Ninja Turtles,tv_series,2012,,,,tt1877889,51817,
Paramount+,3219633,MobLand,tv_series,2025,,,,tt31510819,247718,
Paramount+,3221130,The Agency,tv_series,2024,,,,tt26656917,219971,
Paramount+,3118418,The Adventures of Jimmy Neutron: Boy Genius,tv_series,2002,,,,tt0320808,2129,
Paramount+,314076,Big Brother,tv_series,2000,,,,tt0257295,11366,
Paramount+,3148273,iCarly,tv_series,2007,,,,tt0972534,5371,
Paramount+,3144546,Wings,tv_series,1990,,,,tt0098948,2506,
Paramount+,351007,Hawaii Five-O,tv_series,1968,,,,tt0062568,2303,
Paramount+,3177878,Ghosts,tv_series,2021,,,,tt11379026,126027,
Paramount+,3267891,Marshals,tv_series,2026,,,,tt36849871,290856,
Paramount+,379722,Mom,tv_series,2013,,,,tt2660806,49011,
Paramount+,3111447,Star Trek: Enterprise,tv_series,2001,,,,tt0244365,314,
Paramount+,3118691,The Amazing Race,tv_series,2001,,,,tt0285335,30957,
Paramount+,391142,Parenthood,tv_series,2010,,,,tt1416765,21762,
Paramount+,319003,Californication,tv_series,2007,,,,tt0904208,1215,
Paramount+,350435,Happy Days,tv_series,1974,,,,tt0070992,3845,
Paramount+,383009,NCIS: New Orleans,tv_series,2014,,,,tt3560084,61387,
Paramount+,3234215,Dating Naked: UK,tv_series,2024,,,,tt33262257,262469,
Paramount+,1310542,Pulp Fiction,movie,1994,,,,tt0110912,680,
Paramount+,1156334,Hacksaw Ridge,movie,2016,,,,tt2119532,324786,
Paramount+,354352,Hot in Cleveland,tv_series,2010,,,,tt1583607,32294,
Paramount+,373900,MacGyver,tv_series,2016,,,,tt1399045,67133,
Paramount+,351806,Henry Danger,tv_series,2014,,,,tt3596174,61852,
Paramount+,3104395,Scorpion,tv_series,2014,,,,tt3514324,60797,
Paramount+,315074,Blaze and the Monster Machines,tv_series,2014,,,,tt4458594,64198,
Paramount+,317809,Bull,tv_series,2016,,,,tt5827228,66840,
Paramount+,376342,Matlock,tv_series,1986,,,,tt0090481,2093,
Paramount+,3123042,The Good Fight,tv_series,2017,,,,tt5853176,69158,
Paramount+,3102676,Sabrina the Teenage Witch,tv_series,1996,,,,tt0115341,605,
Paramount+,1566628,Mission: Impossible - The Final Reckoning,movie,2025,,,,tt9603208,575265,
Paramount+,1394258,The Godfather,movie,1972,,,,tt0068646,238,
Paramount+,327856,Danny Phantom,tv_series,2003,,,,tt0366005,2309,
Paramount+,3174685,The Equalizer,tv_series,2021,,,,tt11242246,95205,
Paramount+,3165005,FBI: Most Wanted,tv_series,2020,,,,tt9742936,94372,
Paramount+,3117069,Teenage Mutant Ninja Turtles,tv_series,1987,,,,tt0131613,160,
Paramount+,3177408,Mayor of Kingstown,tv_series,2021,,,,tt11712058,97951,
Paramount+,1229191,Life Is Beautiful,movie,1997,,,,tt0118799,637,
Paramount+,334086,Drake & Josh,tv_series,2004,,,,tt0363328,2038,
Paramount+,1434738,Titanic,movie,1997,,,,tt0120338,597,
Paramount+,3131239,The Wild Thornberrys,tv_series,1998,,,,tt0167743,2408,
Paramount+,3108011,"Sister, Sister",tv_series,1994,,,,tt0108927,3755,
Paramount+,312243,Battlestar Galactica,tv_series,2004,,,,tt0407362,1972,
Paramount+,1138145,Forrest Gump,movie,1994,,,,tt0109830,13,
Paramount+,3130457,The Ultimate Fighter,tv_series,2005,,,,tt0445912,517,
Paramount+,3183072,1923,tv_series,2022,,,,tt18335752,157744,
Paramount+,3125061,The Legend of Korra,tv_series,2012,,,,tt1695360,33880,
Paramount+,1428374,The Wolf of Wall Street,movie,2013,,,,tt0993846,106646,
Paramount+,379195,Mission: Impossible,tv_series,1966,,,,tt0060009,4357,
Paramount+,398260,Ray Donovan,tv_series,2013,,,,tt2249007,1423,
Paramount+,3124790,The L Word,tv_series,2004,,,,tt0330251,3475,
Paramount+,1894031,The SpongeBob Movie: Search for SquarePants,movie,2025,,,,tt23572848,991494,
Paramount+,3160203,Star Trek: Lower Decks,tv_series,2020,,,,tt9184820,85948,
Paramount+,1437213,Top Gun: Maverick,movie,2022,,,,tt1745960,361743,
Paramount+,3159692,Big Brother,tv_series,2000,,,,tt0245603,21926,
Paramount+,31922,7th Heaven,tv_series,1996,,,,tt0115083,4550,
Paramount+,339147,Everybody Loves Raymond,tv_series,1996,,,,tt0115167,2140,
Paramount+,3176393,The Smurfs,tv_series,2021,,,,tt14670820,123591,
Paramount+,3130397,The Twilight Zone,tv_series,1959,,,,tt0052520,6357,
Paramount+,1148809,Gladiator,movie,2000,,,,tt0172495,98,
Paramount+,3163173,Evil,tv_series,2019,,,,tt9055008,86848,
Paramount+,3123389,The Guardian,tv_series,2001,,,,tt0285370,1791,
Paramount+,3164018,Couples Therapy,tv_series,2019,,,,tt10665386,91820,
Paramount+,1438702,Trading Places,movie,1983,,,,tt0086465,1621,
Paramount+,1467276,Whiplash,movie,2014,,,,tt2582802,244786,
Paramount+,3163407,Love Island USA,tv_series,2019,,,,tt8819906,90521,
Paramount+,344115,Friday Night Lights,tv_series,2006,,,,tt0758745,4278,
Paramount+,3176066,CSI: Vegas,tv_series,2021,,,,tt12887536,122194,
Paramount+,1482105,xXx,movie,2002,,,,tt0295701,7451,
Paramount+,310255,Avatar: The Last Airbender,tv_series,2005,,,,tt0417299,246,
Paramount+,3134369,Touched by an Angel,tv_series,1994,,,,tt0108968,2243,
Paramount+,399434,Reno 911!,tv_series,2003,,,,tt0370194,2187,
Paramount+,3160193,Star Trek: Picard,tv_series,2020,,,,tt8806524,85949,
Paramount+,3145191,Workaholics,tv_series,2011,,,,tt1610527,36994,
Paramount+,1688039,Sonic the Hedgehog 3,movie,2024,,,,tt18259086,939243,
Paramount+,1394267,The Godfather Part II,movie,1974,,,,tt0071562,240,
Paramount+,363849,Killing Eve,tv_series,2018,,,,tt7016936,72750,
Paramount+,1639425,The Running Man,movie,2025,,,,tt14107334,798645,
Paramount+,3215792,Georgie & Mandy's First Marriage,tv_series,2024,,,,tt31589662,243875,
Paramount+,3137508,Under the Dome,tv_series,2013,,,,tt1553656,46331,
Paramount+,1731656,Scream 7,movie,2026,,,,tt27047903,1159559,
Paramount+,371881,Longmire,tv_series,2012,,,,tt1836037,43901,
Paramount+,1342761,Shaolin Soccer,movie,2001,,,,tt0286112,11770,
Paramount+,3100186,Ridiculousness,tv_series,2011,,,,tt1820166,38657,
Paramount+,312607,Beavis and Butt-Head,tv_series,1993,,,,tt0105950,13943,
Paramount+,3116699,Taxi,tv_series,1978,,,,tt0077089,2251,
Paramount+,312861,Behind the Music,tv_series,1997,,,,tt0159156,937,
Paramount+,333538,Dora the Explorer,tv_series,2000,,,,tt0235917,79,
Paramount+,3176072,FBI: International,tv_series,2021,,,,tt14449470,121658,
Paramount+,1351502,Small Soldiers,movie,1998,,,,tt0122718,11551,
Paramount+,349449,Gunsmoke,tv_series,1955,,,,tt0047736,3713,
Paramount+,392023,Penny Dreadful,tv_series,2014,,,,tt2628232,54671,
Paramount+,355795,I Love Lucy,tv_series,1951,,,,tt0043208,2730,
Paramount+,351605,Hell on Wheels,tv_series,2011,,,,tt1699748,1401,
Paramount+,3179670,1883,tv_miniseries,2021,,,,tt13991232,118357,
Paramount+,3117071,Teenage Mutant Ninja Turtles,tv_series,2003,,,,tt0318913,2284,
Paramount+,3126480,The Neighborhood,tv_series,2018,,,,tt7942794,81144,
Paramount+,3158247,Desus & Mero,tv_series,2019,,,,tt9362790,84970,
Paramount+,3147798,Zoey 101,tv_series,2005,,,,tt0415463,1778,
Paramount+,340604,Family Ties,tv_series,1982,,,,tt0083413,496,
Paramount+,379626,Moesha,tv_series,1996,,,,tt0115275,3497,
Paramount+,339144,Everybody Hates Chris,tv_series,2005,,,,tt0460637,252,
Paramount+,375833,Martin,tv_series,1992,,,,tt0103488,171,
Paramount+,350163,Halo,tv_series,2022,,,,tt2934286,52814,
Paramount+,1151385,Good Will Hunting,movie,1997,,,,tt0119217,489,
Paramount+,3118541,The Affair,tv_series,2014,,,,tt2699110,61463,
Paramount+,363436,Key and Peele,tv_series,2012,,,,tt1981558,43082,
Paramount+,1106245,Django Unchained,movie,2012,,,,tt1853728,68718,
Paramount+,317197,Broad City,tv_series,2014,,,,tt2578560,60839,
Paramount+,31561,48 Hours,tv_series,1988,,,,tt0271894,3719,
Paramount+,348158,Goosebumps,tv_series,1995,,,,tt0111987,5835,
Paramount+,3177205,Yellowjackets,tv_series,2021,,,,tt11041332,117488,
Paramount+,352234,Hey Arnold!,tv_series,1996,,,,tt0115200,537,
Paramount+,368551,The Bureau,tv_series,2015,,,,tt4063800,62476,
Paramount+,360290,Jericho,tv_series,2006,,,,tt0805663,365,
Paramount+,3127637,The Price Is Right,tv_series,1972,,,,tt0068120,2051,
Paramount+,3101722,RuPaul's Drag Race All Stars,tv_series,2012,,,,tt2301351,67482,
Paramount+,3185573,Fire Country,tv_series,2022,,,,tt16098700,202297,
Paramount+,1334825,Saving Private Ryan,movie,1998,,,,tt0120815,857,
Paramount+,1394268,The Godfather Part III,movie,1990,,,,tt0099674,242,
Paramount+,1374079,Terminator 2: Judgment Day,movie,1991,,,,tt0103064,280,
Paramount+,1848793,Regretting You,movie,2025,,,,tt33088452,1327862,
Paramount+,3134202,Tosh.0,tv_series,2009,,,,tt1430587,18014,
Paramount+,1472159,World War Z,movie,2013,,,,tt0816711,72190,
Paramount+,38661,Are You Afraid of the Dark?,tv_series,1990,,,,tt0103352,2913,
Paramount+,3191660,Cross,tv_series,2024,,,,tt11794812,213306,
Paramount+,397065,Queer as Folk,tv_series,2000,,,,tt0262985,2902,
Paramount+,35889,All That,tv_series,1994,,,,tt0111875,3814,
Paramount+,3170775,Danger Force,tv_series,2020,,,,tt11833388,99583,
Paramount+,1437211,Top Gun,movie,1986,,,,tt0092099,744,
Paramount+,3140081,Victorious,tv_series,2010,,,,tt1604099,31251,
Paramount+,177071,City of God,movie,2002,,,,tt0317248,598,
Paramount+,3130092,The Thundermans,tv_series,2013,,,,tt2712516,58981,
Paramount+,317567,Bubble Guppies,tv_series,2006,,,,tt0965404,39107,
Paramount+,1566627,Mission: Impossible - Dead Reckoning Part One,movie,2023,,,,tt9603212,575264,
Paramount+,1645477,Smile,movie,2022,,,,tt15474916,882598,
Paramount+,360318,Jersey Shore: Family Vacation,tv_series,2018,,,,tt7686456,78533,
Paramount+,3176454,Dexter: New Blood,tv_miniseries,2021,,,,tt14164730,131927,
Paramount+,1257216,Mission: Impossible - Ghost Protocol,movie,2011,,,,tt1229238,56292,
Paramount+,320338,CatDog,tv_series,1998,,,,tt0154061,1567,
Paramount+,3170347,Star Trek: Strange New Worlds,tv_series,2022,,,,tt12327578,103516,
Paramount+,358303,Inspector Gadget,tv_series,1983,,,,tt0085033,4035,
Paramount+,334501,Drunk History,tv_series,2013,,,,tt2712612,56219,
Paramount+,3175041,The Patrick Star Show,tv_series,2021,,,,tt12915960,126824,
Paramount+,3110688,SpongeBob SquarePants,tv_series,1999,,,,tt0206512,387,
Paramount+,168865,Catch Me If You Can,movie,2002,,,,tt0264464,640,
Paramount+,3196615,Matlock,tv_series,2024,,,,tt26591147,226174,
Paramount+,1354993,Sonic the Hedgehog,movie,2020,,,,tt3794354,454626,
Paramount+,1401173,The Last Airbender,movie,2010,,,,tt0938283,10196,
Paramount+,1612693,Transformers: Rise of the Beasts,movie,2023,,,,tt5090568,667538,
Paramount+,3231844,Dexter: Resurrection,tv_series,2025,,,,tt33043892,259909,
Paramount+,310414,Awkward.,tv_series,2011,,,,tt1663676,39859,
Paramount+,3118788,The Angry Beavers,tv_series,1997,,,,tt0131664,3579,
Paramount+,3186362,"Rock, Paper, Scissors",tv_series,2024,,,,tt16117344,204024,
Paramount+,370320,Life Unexpected,tv_series,2010,,,,tt1442109,20021,
Paramount+,1112635,Dungeons & Dragons: Honor Among Thieves,movie,2023,,,,tt2906216,493529,
Paramount+,1276287,No Country for Old Men,movie,2007,,,,tt0477348,6977,
Paramount+,342435,Flashpoint,tv_series,2008,,,,tt1059475,5829,
Paramount+,334138,Drawn Together,tv_series,2004,,,,tt0386180,4336,
Paramount+,1374081,Terminator Genisys,movie,2015,,,,tt1340138,87101,
Paramount+,1535445,Gladiator II,movie,2024,,,,tt9218128,558449,
Paramount+,1424513,The Truman Show,movie,1998,,,,tt0120382,37165,
Paramount+,3122007,The Exes,tv_series,2011,,,,tt1830888,40505,
Paramount+,384097,Ned's Declassified School Survival Guide,tv_series,2004,,,,tt0405576,1600,
Paramount+,3117024,Teen Mom 2,tv_series,2011,,,,tt1821220,34996,
Paramount+,3120348,The Challenge,tv_series,1998,,,,tt0176095,62,
Paramount+,3251654,Beyond the Gates,tv_series,2025,,,,tt32125269,248361,
Paramount+,1359256,Star Trek Beyond,movie,2016,,,,tt2660888,188927,
Paramount+,1695539,The Naked Gun,movie,2025,,,,tt3402138,1035259,
Paramount+,3144088,Wild 'N Out,tv_series,2005,,,,tt0472989,2299,
Paramount+,3101723,RuPaul's Drag Race: Untucked!,tv_series,2009,,,,tt1588754,38409,
Paramount+,1250278,Mean Girls,movie,2004,,,,tt0377092,10625,
Paramount+,327975,Daria,tv_series,1997,,,,tt0118298,2131,
Paramount+,343832,Freaks and Geeks,tv_series,1999,,,,tt0193676,2382,
Paramount+,133851,Arrival,movie,2016,,,,tt2543164,329865,
Paramount+,1335434,Scary Movie,movie,2000,,,,tt0175142,4247,
Paramount+,110429,A Quiet Place,movie,2018,,,,tt6644200,447332,
Paramount+,354603,House of Lies,tv_series,2012,,,,tt1797404,39702,
Paramount+,1345433,Shooter,movie,2007,,,,tt0822854,7485,
Paramount+,354559,House of Anubis,tv_series,2011,,,,tt1638319,35016,
Paramount+,1461996,War of the Worlds,movie,2005,,,,tt0407304,74,
Paramount+,1359266,Star Trek Into Darkness,movie,2013,,,,tt1408101,54138,
Paramount+,33518,Aaahh!!! Real Monsters,tv_series,1994,,,,tt0108684,2429,
Paramount+,1220861,Lara Croft: Tomb Raider,movie,2001,,,,tt0146316,1995,
Paramount+,359621,Jackass,tv_series,2000,,,,tt0264263,1795,
Paramount+,3186077,Beavis and Butt-Head,tv_series,2022,,,,tt20859904,203489,
Paramount+,3165327,The Oval,tv_series,2019,,,,tt10580092,95004,
Paramount+,3106568,Shimmer and Shine,tv_series,2015,,,,tt4494948,67098,
Paramount+,1314747,Raiders of the Lost Ark,movie,1981,,,,tt0082971,85,
Paramount+,1336403,Scream,movie,1996,,,,tt0117571,4232,
Paramount+,3119888,The Brady Bunch,tv_series,1969,,,,tt0063878,2126,
Paramount+,1168427,Homefront,movie,2013,,,,tt2312718,204082,
Paramount+,3100932,Rocko's Modern Life,tv_series,1993,,,,tt0106115,657,
Paramount+,1616694,Transformers One,movie,2024,,,,tt8864596,698687,
Paramount+,3172025,Let's Make a Deal,tv_series,2009,,,,tt1536749,114439,
Paramount+,1620816,The Lost City,movie,2022,,,,tt13320622,752623,
Paramount+,1647683,PAW Patrol: The Mighty Movie,movie,2023,,,,tt15837338,893723,
Paramount+,3125561,The Magic School Bus,tv_series,1994,,,,tt0108847,7248,
